page,name,name_uncertain,parens,year,year_uncertain,tech,players,prod,notes,raw_line,disposition,catalog_slug,catalog_conf,catalog_maker,catalog_year,ipdb_id,ipdb_conf,ipdb_maker,opdb_id,review,verdict,verdict_why,final_catalog_slug,agent_fields,lineage,conflict,quote
ad,Frogmen,,,,,,,,,Frogmen,new-maker,frogmen,low,dama-srl,1970,4399,med,"Dama S.R.L., of Milan, Italy (1970)",,yes,exists,"Catalog frogmen = dama-srl, 1970, ipdb 4399, EM 1p — the same machine tilt.it also lists on its DAMA page as 'Frogmen (Bazaar)'. IPDB 4399: 'Conversion kit for Bally's 1966 'Bazaar'.'",frogmen,,,"tilt.it lists Frogmen under maker AD (photo page, no prose) AND under DAMA; IPDB attributes to Dama S.R.L. Prefer Dama: IPDB agrees with tilt.it's own dama page, the catalog record already exists, and 'AD' is best explained as a backglass logo of unknown meaning (see maker entry). The AD-page Frogmen photo's backglass badge reads 'SUPER GAMES', not AD.",
ad,Spiders,,,,,,,,,Spiders,new-maker,,,,,,,,,,exists,"The tilt.it AD-page photo's backglass reads 'SPIDER' (singular) with subtitle 'BIGLIARDINO ELETTRICO' — matching catalog spider (dama-srl, ipdb 4404, EM). IPDB 4404: 'Conversion kit for Gottlieb's 1966 'Hurdy Gurdy (Italy)'.' tilt.it's dama page separately lists 'Spider (Hurdy Gurdy)'. The plural 'Spiders' appears only as the tilt.it AD-page heading. No IPDB machine titled 'Spiders' exists.",spider,,,"Name discrepancy (Spiders vs Spider) and page attribution (AD vs Dama). Recommend resolving to the existing spider record; if the reviewer judges the AD-page machine distinct, this becomes a create — but the backglass photo argues identity.",
ad,World Star,,,,,,,,,World Star,new-maker,world-star,low,dama-srl,1970,4405,med,"Dama S.R.L., of Milan, Italy (1970)",,yes,exists,"Catalog world-star = dama-srl, 1970, ipdb 4405, EM 1p — same machine tilt.it also lists on its DAMA page as 'World Star (Magic Town)'. The AD-page photos show a Williams playfield, consistent with IPDB: 'Conversion kit for Williams' 1967 'Magic Town'.'",world-star,,,"tilt.it lists under both AD and DAMA; IPDB → Dama, but IPDB 4405's note is the aD-logo smoking gun: ""Of the two backglasses shown here, one has an 'Md' logo while the other has an 'aD' logo (or maybe 'Da'). We do not know the meaning of these logos."" Prefer Dama attribution; record the aD-logo variant as a note.",
ami,Derby,,,1974,range:1974-75,em,1,,(presentato Enada ottobre 1974),Derby – em – 1p (presentato Enada ottobre 1974),exists,derby-2,high,ami-spa,1975,3701,high,"AMI s.p.a., of Italy (1975-1977)",G43O1-MJ51E,,exists,parser high-confidence match,derby-2,,,,
ami,Hot Race,,,1974,range:1974-75,em,4,,,Hot Race – em – 4p,exists,hot-race,high,ami-spa,1975,4377,high,"AMI s.p.a., of Italy (1975-1977)",GRVby-MJpdx,,exists,parser high-confidence match,hot-race,,,,
ami,Hard Race,,,1974,range:1974-75,em,1,,,Hard Race – em – 1p,exists,hard-race,high,ami-spa,1976,6580,high,"AMI s.p.a., of Italy (1975-1977)",,,exists,parser high-confidence match,hard-race,,,,
ami,West Show,,,1976,,em,1,,,West Show – em – 1p,exists,west-show,high,ami-spa,1976,3737,high,"AMI s.p.a., of Italy (1975-1977)",GRbwx-MwNV3,,exists,parser high-confidence match,west-show,,,,
ami,Big Hunt,,,1976,,em,1,,,Big Hunt – em – 1p,exists,big-hunt,high,ami-spa,1976,3692,high,"AMI s.p.a., of Italy (1975-1977)",GrJPo-MDXVN,,exists,parser high-confidence match,big-hunt,,,,
ami,The Shark,,,1976,,em,1,,,The Shark – em – 1p,exists,the-shark,high,ami-spa,1976,4060,high,"AMI s.p.a., of Italy (1975-1977)",GxvZB-MrRze,,exists,parser high-confidence match,the-shark,,,,
ami,Navajo,,,1976,,em,4,,,Navajo – em – 4p,exists,navajo,high,ami-spa,1976,3716,high,"AMI s.p.a., of Italy (1975-1977)",GrJPo-MD3kn,,exists,parser high-confidence match,navajo,,,,
ami,Sprint Girl,,,1976,,em,1,,,Sprint Girl – em – 1p,exists,sprint-girl,high,ami-spa,1976,4378,high,"AMI s.p.a., of Italy (1975-1977)",,,exists,parser high-confidence match,sprint-girl,,,,
ami,Big Hunt,,,1976,,,,,,Big Hunt,exists,big-hunt,high,ami-spa,1976,3692,high,"AMI s.p.a., of Italy (1975-1977)",GrJPo-MDXVN,,exists,parser high-confidence match,big-hunt,,,,
ami,Derby,,,1976,,,,,,Derby,exists,derby-2,high,ami-spa,1975,3701,high,"AMI s.p.a., of Italy (1975-1977)",G43O1-MJ51E,,exists,parser high-confidence match,derby-2,,,,
ami,Hard Race,,,1976,,,,,,Hard Race,exists,hard-race,high,ami-spa,1976,6580,high,"AMI s.p.a., of Italy (1975-1977)",,,exists,parser high-confidence match,hard-race,,,,
ami,Navajo,,,1976,,,,,,Navajo,exists,navajo,high,ami-spa,1976,3716,high,"AMI s.p.a., of Italy (1975-1977)",GrJPo-MD3kn,,exists,parser high-confidence match,navajo,,,,
ami,Sprint Girl,,collezione Giorgio Anselmi,1976,,,,,,Sprint Girl(collezione Giorgio Anselmi),exists,sprint-girl,high,ami-spa,1976,4378,high,"AMI s.p.a., of Italy (1975-1977)",,,exists,parser high-confidence match,sprint-girl,,,,
ami,The Shark,,,1976,,,,,,The Shark,exists,the-shark,high,ami-spa,1976,4060,high,"AMI s.p.a., of Italy (1975-1977)",GxvZB-MrRze,,exists,parser high-confidence match,the-shark,,,,
apple-time,Thunder Man,,,1987,,,,,,Thunder Man,exists,thunder-man,high,apple-time,1987,4666,high,"Apple Time, of Italy",GRoyw-M4ojr,,exists,"Image-caption duplicate of the 'Thunder Man' 1987 line on the same page; spacing variant of catalog 'Thunder Man' (apple-time, 1987, ipdb 4666). Page shows '1987 / Thunder Man' then 'Thunderman (clicca per ingrandire l'immagine)' as the photo caption.",thunder-man,,,,
apple-time,Thunderman,,,1987,,,,,,Thunderman,new-model-existing-maker,,,,,,,,,,exists,"Image-caption duplicate of the 'Thunder Man' 1987 line on the same page; spacing variant of catalog 'Thunder Man' (apple-time, 1987, ipdb 4666). Page shows '1987 / Thunder Man' then 'Thunderman (clicca per ingrandire l'immagine)' as the photo caption.",thunder-man,,,,
artigiana-ricambi,Sandokan,,modifica Card Trix | tiratura prevista: 10 pezzi,1976,,,,,,Sandokan (modifica Card Trix) (tiratura prevista: 10 pezzi),new-model-existing-maker,,,,,,,,,,create,,,"{""name"": ""Sandokan"", ""year"": 1976, ""year_uncertain"": false, ""technology"": ""em"", ""technology_uncertain"": true, ""players"": 1, ""players_uncertain"": true, ""month"": null, ""game_format"": ""pinball"", ""kit"": false, ""lineage"": ""Modification ('modifica') of Gottlieb's 1970 'Card Trix' (ipdb 446); Sandokan TV-hero theme; planned production run of only 10 units ('tiratura prevista: 10 pezzi'). Maker: Ditta Artigiana Ricambi (catalog CE ditta-artigiana-ricambi), Sesto Fiorentino.""}","Modification ('modifica') of Gottlieb's 1970 'Card Trix' (ipdb 446); Sandokan TV-hero theme; planned production run of only 10 units ('tiratura prevista: 10 pezzi'). Maker: Ditta Artigiana Ricambi (catalog CE ditta-artigiana-ricambi), Sesto Fiorentino.",,Sandokan (modifica Card Trix) (tiratura prevista: 10 pezzi)
artigiana-ricambi,Bowlingirl,,,1976,,,,,,Bowlingirl,exists,bowlingirl,high,ditta-artigiana-ricambi,,3978,high,Ditta Artigiana Ricambi,,,exists,parser high-confidence match,bowlingirl,,,,
artigiana-ricambi,Stunt Cars,,modifica Card King,1976,range:1976-77,,,,,Stunt Cars (modifica Card King),new-model-existing-maker,,,,,,,,,,create,,,"{""name"": ""Stunt Cars"", ""year"": 1976, ""year_uncertain"": true, ""year_note"": ""tilt section header '1976-77'"", ""technology"": ""em"", ""technology_uncertain"": true, ""players"": 1, ""players_uncertain"": true, ""month"": null, ""game_format"": ""pinball"", ""kit"": false, ""lineage"": ""Modification ('modifica') of Gottlieb's 1971 'Card King' (ipdb 445). Maker: Ditta Artigiana Ricambi (catalog CE ditta-artigiana-ricambi).""}",Modification ('modifica') of Gottlieb's 1971 'Card King' (ipdb 445). Maker: Ditta Artigiana Ricambi (catalog CE ditta-artigiana-ricambi).,,Stunt Cars (modifica Card King)
bell-games,The King,,,1978,,ss,4,,,The King – ss – 4p,exists,king,high,bell-coin-matics,,3625,high,"Bell Coin Matics, of Bologna, Italy (1978-1980)",,,exists,parser high-confidence match,king,,,,
bell-games,Sinbad,,co-production Europlay/Bell Games,1979,,ss,4,,,Sinbad (co-production Europlay/Bell Games) – ss – 4p,new-model-existing-maker,sinbad-3,low,electromatic-brasil,1978,2159,low,"D. Gottlieb & Company, a Columbia Pictures Industries Company (1977-1983)[Trade Name: Gottlieb]",G4xqN-MD1Rj,yes,create,,,"{""name"": ""Sinbad"", ""year"": 1979, ""year_uncertain"": true, ""year_note"": ""tilt says 1979; IPDB dates Bell Games as 1980-1985, so 1979 may be early/pre-founding"", ""technology"": ""ss"", ""players"": 4, ""month"": null, ""game_format"": ""pinball"", ""kit"": false, ""lineage"": ""4-player solid-state co-production by Europlay and Bell Games; copy of Gottlieb's 1978 'Sinbad' (ipdb 2159); sibling of Europlay's 1-player EM 'Sinbad Adventures' (catalog sinbad-adventures, ipdb 3252).""}","4-player solid-state co-production by Europlay and Bell Games; copy of Gottlieb's 1978 'Sinbad' (ipdb 2159); sibling of Europlay's 1-player EM 'Sinbad Adventures' (catalog sinbad-adventures, ipdb 3252).",,Sinbad (co-production Europlay/Bell Games) – ss – 4p
bell-games,Sexy Girl,,,1979,,ss,4,,(co-production Arkon/Ranco/Bell Games),Sexy Girl – ss – 4p (co-production Arkon/Ranco/Bell Games),new-model-existing-maker,sexy-girl,low,arkon-automaten-gmbh,,2106,low,"Arkon Automaten, GmbH, of Frankfurt, Germany (1980-1982)",GrkOB-MD00x,yes,exists,"Same machine as catalog 'Sexy Girl' (arkon-automaten-gmbh, ipdb 2106, SS 4P) - a conversion kit for Bally electronic pins with Playboy playfield layout. Tilt lists it on the Bell Games page as a co-production (Arkon/Ranco/Bell Games), not a separate Bell Games model.",sexy-girl,,,,
bell-games,The Hunter,,,1980,,ss,4,,,The Hunter – ss – 4p,exists,the-hunter,high,bell-coin-matics,,3733,high,"Bell Coin Matics, of Bologna, Italy (1978-1980)",G4Od9-MDlpK,,exists,parser high-confidence match,the-hunter,,,,
bell-games,White Shark,,,1980,,ss,4,,,White Shark – ss – 4p,exists,white-shark,high,bell-coin-matics,,3555,high,"Bell Coin Matics, of Bologna, Italy (1978-1980)",G509D-M9RzK,,exists,parser high-confidence match,white-shark,,,,
bell-games,Cosmodrome,,,1980,,ss,4,,,Cosmodrome – ss – 4p,exists,cosmodrome,high,bell-coin-matics,,3696,high,"Bell Coin Matics, of Bologna, Italy (1978-1980)",G509D-MnKVN,,exists,parser high-confidence match,cosmodrome,,,,
bell-games,Frontier,,,1981,,ss,4,,,Frontier – ss – 4p,exists,frontier-2,high,bell-games,1981,3706,high,"Bell Games, of Bologna, Italy (1980-1985)",GRwjq-MQ29Y,,exists,parser high-confidence match,frontier-2,,,,
bell-games,Fireball II,,,1981,,ss,4,,,Fireball II – ss – 4p,exists,fireball-ii-2,high,bell-games,1981,3704,high,"Bell Games, of Bologna, Italy (1980-1985)",Gry7q-MLyvr,,exists,parser high-confidence match,fireball-ii-2,,,,
bell-games,Flash Gordon,,,1981,,ss,4,,,Flash Gordon – ss – 4p,exists,flash-gordon-2,high,bell-games,1981,3705,high,"Bell Games, of Bologna, Italy (1980-1985)",G5728-MDbjD,,exists,parser high-confidence match,flash-gordon-2,,,,
bell-games,Fantasy,,Centaur,1982,,ss,4,,,Fantasy (Centaur) – ss – 4p,exists,fantasy,high,bell-games,,3091,high,"Bell Games, of Bologna, Italy (1980-1985)",GrX7q-MJop6,,exists,parser high-confidence match,fantasy,,,,
bell-games,Magic Picture Pin,,co-production Arkon/Ranco/Bell Games,1982,,ss,4,,,Magic Picture Pin (co-production Arkon/Ranco/Bell Games) – ss – 4p,exists,magic-picture-pin-2,high,bell-games,1982,3891,high,"Bell Games, of Bologna, Italy (1980-1985)",GRD2P-MQknK,,exists,parser high-confidence match,magic-picture-pin-2,,,,
bell-games,Pin Ball,,Pinball Champ ’82,1983,,ss,4,,,Pin Ball (Pinball Champ ’82) – ss – 4p,new-model-existing-maker,pin-ball-2,low,joctronic-juegos-electronicos-sa,1987,3805,low,"Recel S. A., of Madrid, Spain (1974-1986)",,yes,exists,"Tilt 'Pin Ball' = catalog 'Pinball' (bell-games, ipdb 3306, Bell Games 1983-02 SS 4P): IPDB Notes: 'Same play as Zaccaria's 1982 Pinball Champ 82... Bell Games made some of their conversion kits available for converting both Gottlieb and Bally games.' Worksheet's pin-ball-2 (Joctronic, ipdb 3906) guess is wrong.",pinball,,Conversion kit; same play as Zaccaria's 1982 'Pinball Champ 82'.,,
bell-games,Pinball Pool,,Eight Ball De Luxe,1983,,ss,4,,,Pinball Pool (Eight Ball De Luxe) – ss – 4p,new-model-existing-maker,pinball-pool,low,d-gottlieb-company-a-columbia-pictures-industries-company,1979,1795,low,"D. Gottlieb & Company, a Columbia Pictures Industries Company (1977-1983)[Trade Name: Gottlieb]",G4kdB-MLqe3,yes,exists,"Tilt 'Pinball Pool' = catalog 'Pin Ball Pool' (bell-games, ipdb 3310, Bell Games 1983-12 SS 4P): IPDB Notes: 'This is a conversion kit for Bally's 1981 Eight Ball Deluxe and uses the same ROMs.' Worksheet's pinball-pool (Gottlieb, ipdb 1795) guess is the American original - wrong.",pin-ball-pool,,"Conversion kit for Bally's 1981 'Eight Ball Deluxe' (ipdb 762), same ROMs.",,
bell-games,Cosmic Flash,,,1984,,ss,4,,,Cosmic Flash – ss – 4p,exists,cosmic-flash-2,high,bell-games,1984,3695,high,"Bell Games, of Bologna, Italy (1980-1985)",G5pxD-MBRWW,,exists,parser high-confidence match,cosmic-flash-2,,,,
bell-games,Super Bowl,,X’s & O’s,1984,,ss,4,,,Super Bowl (X’s & O’s) – ss – 4p,exists,super-bowl,high,bell-games,,3399,high,"Bell Games, of Bologna, Italy (1980-1985)",GRpWD-MQork,,exists,parser high-confidence match,super-bowl,,,,
bell-games,Tiger Rag,,King of Steel,1984,,ss,4,,,Tiger Rag (King of Steel) – ss – 4p,exists,tiger-rag,high,bell-games,,3501,high,"Bell Games, of Bologna, Italy (1980-1985)",GR67j-MLqwr,,exists,parser high-confidence match,tiger-rag,,,,
bell-games,New Wave,,Black Pyramid,1985,,ss,4,,,New Wave (Black Pyramid) – ss – 4p,exists,new-wave,high,bell-games,,3482,high,"Bell Games, of Bologna, Italy (1980-1985)",GRB8Z-MQKXV,,exists,parser high-confidence match,new-wave,,,,
bell-games,Saturn II,,Spy Hunter,1985,,ss,4,,,Saturn II (Spy Hunter) – ss – 4p,new-model-existing-maker,,,,,,,,,,exists,"Roman-numeral variant of catalog 'Saturn 2' (bell-games, ipdb 3542, 1985-08 SS 4P). IPDB Notes: 'This is a conversion of Bally Midway's 1984 Spy Hunter.'",saturn-2,,Conversion of Bally Midway's 1984 'Spy Hunter' (ipdb 2328).,,
bell-games,World Defender,,,1985,,ss,4,,,World Defender – ss – 4p,exists,world-defender,high,nuova-bell-games,,3519,high,"Nuova Bell Games, of Bologna, Italy (1985-1988)",GR9NQ-MRjop,,exists,parser high-confidence match,world-defender,,,,
bell-games,Space Hawks,,Cybernaut,1986,,ss,4,,,Space Hawks (Cybernaut) – ss – 4p,exists,space-hawks,high,nuova-bell-games,,3621,high,"Nuova Bell Games, of Bologna, Italy (1985-1988)",GR69j-MdEEB,,exists,parser high-confidence match,space-hawks,,,,
bell-games,Dark Shadow,,,1986,,ss,4,,,Dark Shadow – ss – 4p,exists,dark-shadow,high,nuova-bell-games,1986,3699,high,"Nuova Bell Games, of Bologna, Italy (1985-1988)",G4eQ2-MJNO7,,exists,parser high-confidence match,dark-shadow,,,,
bell-games,Skill Flight,,,1986,,ss,4,,,Skill Flight – ss – 4p,exists,skill-flight,high,nuova-bell-games,1986,3230,high,"Nuova Bell Games, of Bologna, Italy (1985-1988)",GRb7q-MDEn7,,exists,parser high-confidence match,skill-flight,,,,
bell-games,Cobra,,,1987,,ss,4,,,Cobra – ss – 4p,exists,cobra,high,nuova-bell-games,1987,3026,high,"Nuova Bell Games, of Bologna, Italy (1985-1988)",G50zO-MJ97Z,,exists,parser high-confidence match,cobra,,,,
bell-games,Future Queen,,,1987,,ss,4,,,Future Queen – ss – 4p,exists,future-queen,high,nuova-bell-games,1987,3114,high,"Nuova Bell Games, of Bologna, Italy (1985-1988)",GRpBV-MrRbE,,exists,parser high-confidence match,future-queen,,,,
bell-games,F1 Grand Prix,,,1987,,ss,4,,,F1 Grand Prix – ss – 4p,exists,f1-grand-prix,high,nuova-bell-games,1987,3623,high,"Nuova Bell Games, of Bologna, Italy (1985-1988)",G4Oye-MQPw8,,exists,parser high-confidence match,f1-grand-prix,,,,
bell-games,Top Pin,,Pinbot,1988,,ss,4,,,Top Pin (Pinbot) – ss – 4p,exists,top-pin,high,nuova-bell-games,1988,3471,high,"Nuova Bell Games, of Bologna, Italy (1985-1988)",,,exists,parser high-confidence match,top-pin,,,,
bell-games,U-Boat 65,,,1988,,ss,4,,,U-Boat 65 – ss – 4p,exists,u-boat-65,high,nuova-bell-games,1988,3736,high,"Nuova Bell Games, of Bologna, Italy (1985-1988)",GRD67-Mo1Ol,,exists,parser high-confidence match,u-boat-65,,,,
bem,(anno preciso di costruzione sconosciuto),,,,,,,,,(anno preciso di costruzione sconosciuto),new-model-existing-maker,,,,,,,,,,noise,"Section header, not a machine: 'exact year of construction unknown'. It governs the first undated group (Jackpot, Arabic Power, Black Gold, Casino', Crocket, Dog's Race) — useful as a year-unknown signal for those entries, but not a row to act on.",,,,,
bem,Jackpot,,identico a quello costruito dalla Playmec?,,,em,,,,Jackpot (em) (identico a quello costruito dalla Playmec?),exists,jackpot-2,high,bigliardini-elettronici-milano,1976,4991,high,"Bigliardini Elettronici Milano, of Milano, Italy [Trade Name: BEM]",GR987-MJPEX,,exists,parser high-confidence match,jackpot-2,,,,
bem,Arabic Power,,,,,em,,,,Arabic Power (em),new-model-existing-maker,arabic-power,low,,,5636,low,Unknown Manufacturer,,yes,exists,"Catalog already has model 'arabic-power' with ipdb_id 5636 and NO corporate entity. This row is an attribution/enrichment task (assert maker=BEM, technology=em, kit), not a create.",arabic-power,,Conversion kit of an unknown Gottlieb game (per IPDB 5636); original not identified.,,
bem,Black Gold,,versione “Arabic Power” testa piccola,,,,,,,Black Gold (versione “Arabic Power” testa piccola),new-model-existing-maker,black-gold-2,low,williams-electronics-incorporated,1975,305,low,"Genco Manufacturing Company, of Chicago, Illinois, USA (1931-1958)",G4qy6-MLvvd,yes,create,,,"{""name"": ""Black Gold"", ""maker_ce"": ""bem (dump: bigliardini-elettronici-milano)"", ""year"": null, ""year_uncertain"": true, ""technology"": null, ""technology_note"": ""Arabic Power is em per tilt, but BEM's other 'testa piccola' machines are ss (IPDB: Casino 6710, Jack Rabbit 5670, Sun's Cruise 5671 all SS) — leave unstated"", ""players"": null, ""month"": null, ""game_format"": null, ""kit"": null, ""kit_note"": ""likely a kit like its parent Arabic Power (IPDB 5636 calls that a conversion kit) — unconfirmed"", ""lineage"": ""Small-head ('testa piccola') version of BEM's own 'Arabic Power' (tilt: 'versione “Arabic Power” testa piccola'); Arabic Power itself is per IPDB 5636 a conversion kit of an unknown Gottlieb game.""}",Small-head ('testa piccola') version of BEM's own 'Arabic Power' (tilt: 'versione “Arabic Power” testa piccola'); Arabic Power itself is per IPDB 5636 a conversion kit of an unknown Gottlieb game.,,"Black Gold (versione ""Arabic Power"" testa piccola)"
bem,Casino’,,testa piccola,,,,,,,Casino’ (testa piccola),exists,casino-5,high,bigliardini-elettronici-milano,,6710,high,"Bigliardini Elettronici Milano, of Milano, Italy [Trade Name: BEM]",G4xOz-MDnlX,,exists,parser high-confidence match,casino-5,,,,
bem,Crocket,,,,,em,,,,Crocket (em),new-model-existing-maker,crocket,low,giorgio-massiero,1976,4105,med,"Giorgio Massiero, of Milan, Italy (1976)",GR00k-MLxN2,yes,exists,"Same machine as catalog 'crocket' (CE giorgio-massiero, ipdb 4105, 1976, EM, 1p). tilt's BEM page header names 'Sig. Giorgio Masiero - Milano, Italy' as BEM's principal; IPDB's 'Giorgio Massiero, of Milan, Italy (1976)' is that same person. Not a create — at most a maker-reconciliation note.",crocket,,,,
bem,Dog’s Race,,,,,em,,,,Dog’s Race (em),exists,dogs-race,high,bigliardini-elettronici-milano,,5632,high,"Bigliardini Elettronici Milano, of Milano, Italy [Trade Name: BEM]",,,exists,parser high-confidence match,dogs-race,,,,
bem,Ascot,,,1976,,em,,,,Ascot (em),new-model-existing-maker,ascot,low,,,5965,low,Unknown Manufacturer,,yes,exists,"Catalog already has model 'ascot' with ipdb_id 5965 and NO corporate entity. Attribution/enrichment task: assert maker=BEM, year=1976 (tilt list header), technology=em.",ascot,,"IPDB 5965: 'The playfield layout is similar to Gottlieb's 1971 Home Run' (Gottlieb Home Run, ipdb 1224). tilt adds an animation feature: 'cavallini, anzi, cani, in movimento sotto al piano di gioco, come nel “Winner” Williams' — moving dogs under the playfield as in Williams' 1971 'Winner' (ipdb 2792).",,
bem,Travel Agency,,,1976,,em,,,,Travel Agency (em),new-model-existing-maker,travel-agency,low,giorgio-massiero,1976,4106,med,"Giorgio Massiero, of Milan, Italy (1976)",,yes,exists,"Same machine as catalog 'travel-agency' (CE giorgio-massiero, ipdb 4106, 1976, EM, 1p) — same Masiero/Massiero identity as Crocket.",travel-agency,,,,
bem,Sun’s Cruise,,versione “Travel Agency” testa piccola,1976,,,,,,Sun’s Cruise (versione “Travel Agency” testa piccola),exists,suns-cruise-2,high,bigliardini-elettronici-milano,1978,5671,high,"Bigliardini Elettronici Milano, of Milano, Italy [Trade Name: BEM]",,,exists,parser high-confidence match,suns-cruise-2,,,,
bem,Urania,,testa piccola,1980,,,,,,Urania (testa piccola),new-model-existing-maker,,,,,,,,,,create,,,"{""name"": ""Urania"", ""maker_ce"": ""bem (dump: bigliardini-elettronici-milano)"", ""year"": 1980, ""year_uncertain"": true, ""year_note"": ""Current tilt page lists Urania under the '1980' header; the legacy itmade.htm entry had '(?) Urania' (year unknown)"", ""technology"": null, ""technology_note"": ""'testa piccola' machines at BEM are otherwise ss — plausible but unstated"", ""players"": null, ""month"": null, ""game_format"": null, ""kit"": null, ""lineage"": null}",,,Urania (testa piccola)
bem,Aliens & Women,,testa piccola,1980,,,,,,Aliens & Women (testa piccola),new-model-existing-maker,,,,,,,,,,create,,,"{""name"": ""Aliens & Women"", ""maker_ce"": ""bem (dump: bigliardini-elettronici-milano)"", ""year"": 1980, ""year_uncertain"": true, ""technology"": null, ""technology_note"": ""1980 + testa piccola suggests ss; not stated by source"", ""players"": null, ""month"": null, ""game_format"": null, ""kit"": null, ""lineage"": null, ""versions"": ""Page lists both 'testa piccola' and 'testa normale' versions under 1980 — create ONE model and record the two headbox versions""}",,,Aliens & Women (testa piccola)
bem,Aliens & Women,,testa normale,1980,,,,,,Aliens & Women (testa normale),new-model-existing-maker,,,,,,,,,,noise,"Same-model second headbox version, listed on the same 1980 line as the 'testa piccola' version. Fold into the single 'Aliens & Women' create as a version note; not a distinct machine.",,,,,
bem,Papillon,,,1985,,,,,,Papillon,new-model-existing-maker,papillon-2,low,video-dens-sa,1986,3934,low,"Jeutel, of France (1981-1986)",GRQEO-MLyPy,yes,create,,,"{""name"": ""Papillon"", ""maker_ce"": ""bem (dump: bigliardini-elettronici-milano)"", ""year"": 1985, ""year_uncertain"": false, ""technology"": null, ""technology_note"": ""1985 implies ss; not stated by source"", ""players"": null, ""month"": null, ""game_format"": null, ""kit"": null, ""lineage"": null, ""lineage_note"": ""Name coincides with Jeutel's 1984 'Papillon' (ipdb 3934, SS, France) and Video Dens' 1986 'Papillon' (ipdb 5763, Spain) — a copy/licensing relationship is plausible for a 1985 Italian machine but is NOT documented anywhere; record nothing""}",,,Papillon
bem,Casino’,,testa piccola,1985,,,,,,Casino’ (testa piccola),exists,casino-5,high,bigliardini-elettronici-milano,,6710,high,"Bigliardini Elettronici Milano, of Milano, Italy [Trade Name: BEM]",G4xOz-MDnlX,,exists,parser high-confidence match,casino-5,,,,
bem,Aliens & Women,,testa normale,1985,,,,,,Aliens & Women (testa normale),new-model-existing-maker,,,,,,,,,,noise,"Same-model second headbox version, listed on the same 1980 line as the 'testa piccola' version. Fold into the single 'Aliens & Women' create as a version note; not a distinct machine.",,,,,
bem,Arabic Power,,,1985,,,,,,Arabic Power,new-model-existing-maker,arabic-power,low,,,5636,low,Unknown Manufacturer,,yes,exists,"Catalog holds it maker-less (ipdb 5636, 'Unknown Manufacturer'); IPDB: 'purported to be BEM of Milano, Italy, but we have no information to support this' — CE assignment deferred, evidence banked.",arabic-power,,,,
bem,“Arabic Power” versione ‘testa normale’,,,1985,,,,,,“Arabic Power” versione ‘testa normale’,new-model-existing-maker,,,,,,,,,,noise,"Photo caption in the Arabic Power gallery ('Un “Arabic Power” versione ‘testa piccola’, da una intervista al prestigiatore Toni Binarelli:' ... '“Arabic Power” versione ‘testa normale’'). Documents that Arabic Power existed in both headbox versions — capture as a note on the arabic-power model, not a new machine.",,,,,
bem,???,,year unknown – identified as manufactured by BEM thanks to Thierry Delisle,1985,,,,,,??? (year unknown – identified as manufactured by BEM thanks to Thierry Delisle),new-model-existing-maker,,,,,,,,,,defer,"Uncertain NAME, not uncertain existence: a photographed machine identified as BEM by collector Thierry Delisle, name unknown. Cannot create a nameless model. Recommendation: skip for now; optionally mention in the bem CE description; revisit if the machine is ever named. (Legacy itmade text called it 'Un BEM ‘testa piccola’ purtroppo ancora sconosciuto' — so it is a testa-piccola machine.)",,,,,
bem,Ascot,,,1985,,,,,"(cavallini, anzi, cani, in movimento sotto al piano di gioco, come nel “Winner” Williams)",Ascot,new-model-existing-maker,ascot,low,,,5965,low,Unknown Manufacturer,,yes,exists,"Catalog holds it maker-less (ipdb 5965); IPDB: 'Reportedly, the manufacturer is BEM but this has not been confirmed by us' — CE assignment deferred, evidence banked.",ascot,,,,
bem,Crocket,,,1976,,em,1,,,Crocket – em – 1p,new-model-existing-maker,crocket,low,giorgio-massiero,1976,4105,med,"Giorgio Massiero, of Milan, Italy (1976)",GR00k-MLxN2,yes,exists,Photo-section duplicate of the Crocket list entry; adds players=1 (already in IPDB 4105). Same adjudication as the 'Crocket (em)' row.,crocket,,,,
bem,Jackpot,,,1976,,em,1,,,Jackpot – em – 1p,exists,jackpot-2,high,bigliardini-elettronici-milano,1976,4991,high,"Bigliardini Elettronici Milano, of Milano, Italy [Trade Name: BEM]",GR987-MJPEX,,exists,parser high-confidence match,jackpot-2,,,,
bem,Black Jack,,,1976,,ss,,,(‘testa piccola’),Black Jack – ss (‘testa piccola’),new-model-existing-maker,black-jack-2,low,bally-manufacturing-corporation,1977,308,low,Williams Electronic Manufacturing Corporation (1958-1967) [Trade Name: Williams],G5nbD-MDyXb,yes,create,,,"{""name"": ""Black Jack"", ""maker_ce"": ""bem (dump: bigliardini-elettronici-milano)"", ""year"": 1976, ""year_uncertain"": true, ""year_note"": ""Both page generations place it under a '1976' photo-section header, but IPDB dates BEM's sibling ss 'testa piccola' games to 1978 (Sun's Cruise 5671 = Feb 1978) — treat 1976 as weak"", ""technology"": ""ss"", ""players"": null, ""players_note"": ""BEM's other ss machines are 4p in IPDB (5670, 5671, 6710) — plausible, not stated"", ""month"": null, ""game_format"": null, ""kit"": null, ""lineage"": null, ""lineage_note"": ""Name echoes Bally's contemporaneous 'Black Jack' (EM 1977 / SS 1978) — speculative only, record nothing""}",,,Black Jack – ss ('testa piccola')
bem,Travel Agency,,,1976,,em,1,,,Travel Agency – em – 1p,new-model-existing-maker,travel-agency,low,giorgio-massiero,1976,4106,med,"Giorgio Massiero, of Milan, Italy (1976)",,yes,exists,Photo-section duplicate of the Travel Agency list entry; adds players=1 (already in IPDB 4106).,travel-agency,,,,
bem,Sun’s Cruise,,,1976,,ss,1,,(‘testa piccola’) | (stesso piano del “Travel Agency”),Sun’s Cruise – ss (‘testa piccola’) – 1p,exists,suns-cruise-2,high,bigliardini-elettronici-milano,1978,5671,high,"Bigliardini Elettronici Milano, of Milano, Italy [Trade Name: BEM]",,,exists,parser high-confidence match,suns-cruise-2,,,,
bem,Jack Rabbit,,,1976,,ss,,,(‘testa piccola’),Jack Rabbit – ss (‘testa piccola’),exists,jack-rabbit-3,high,bigliardini-elettronici-milano,,5670,high,"Bigliardini Elettronici Milano, of Milano, Italy [Trade Name: BEM]",,,exists,parser high-confidence match,jack-rabbit-3,,,,
bem,Dog’s Race,,,1976,,em,1,,"(running dogs in the headbox, similar to Williams’ “Derby Day”)",Dog’s Race – em – 1p,exists,dogs-race,high,bigliardini-elettronici-milano,,5632,high,"Bigliardini Elettronici Milano, of Milano, Italy [Trade Name: BEM]",,,exists,parser high-confidence match,dogs-race,,,,
bem,Urania,,,1976,,,,,,Urania,new-model-existing-maker,,,,,,,,,,create,"BEM small-head EM, tilt.it only (agent verdict, key drift).",,,,,Urania
bensa,???,,year unknown – identified as manufactured by Bensa thanks to Thierry Delisle,,,,,,,??? (year unknown – identified as manufactured by Bensa thanks to Thierry Delisle),new-model-existing-maker,,,,,,,,,,defer,"Uncertain NAME, not uncertain existence — a machine identified as Bensa by collector Thierry Delisle, name unknown. Cannot create a nameless model; recommend skipping, optionally noting on the bensa-sas CE description, and revisiting if a name surfaces.",,,,,
bensa,Surf,,,,,em,1,,,Surf (1 player -em),new-model-existing-maker,,,,,,,,,,create,,,"{""name"": ""Surf"", ""maker_ce"": ""bensa-sas"", ""year"": null, ""year_uncertain"": true, ""year_note"": ""Undated; listed before the 1973 group. Bensa's IPDB-documented span is 1973-1974"", ""technology"": ""em"", ""players"": 1, ""month"": null, ""game_format"": null, ""kit"": false, ""lineage"": null, ""lineage_note"": ""No matching American 'Surf' original found in IPDB for the era (Gottlieb Surf Champ/Surfer are 1976); possibly an original Bensa design or unidentified copy""}",,,Surf (1 player -em)
bensa,Surf,,,,,ss,1,,,Surf (1 player -ss),new-model-existing-maker,,,,,,,,,,create,,,"{""name"": ""Surf"", ""maker_ce"": ""bensa-sas"", ""year"": null, ""year_uncertain"": true, ""technology"": ""ss"", ""players"": 1, ""month"": null, ""game_format"": null, ""kit"": false, ""lineage"": null}",,,Surf (1 player -ss)
bensa,Space Time,,,1973,,,,,,Space Time,exists,space-time-2,high,bensa-sas,1973,4062,high,"Bensa s.a.s., of Milan, Italy (1973-1974)",GRvE1-MQ2P6,,exists,parser high-confidence match,space-time-2,,,,
bensa,Wild Boy,,,1973,,,,,,Wild Boy,exists,wild-boy,high,bensa-sas,1974,4063,high,"Bensa s.a.s., of Milan, Italy (1973-1974)",,,exists,parser high-confidence match,wild-boy,,,,
bensa,Big Brave,,"grafica della testata ispirata dal Gottlieb, ma piano totalmente diverso",1974,,em,1,,,"Big Brave (grafica della testata ispirata dal Gottlieb, ma piano totalmente diverso) – em – 1p",exists,big-brave-2,high,bensa-sas,1974,4061,high,"Bensa s.a.s., of Milan, Italy (1973-1974)",GrXKb-MQ4OY,,exists,parser high-confidence match,big-brave-2,,,,
bensa,Knokout,,,1974,,,,,,Knokout,exists,knokout,high,bensa-sas,1974,5270,high,"Bensa s.a.s., of Milan, Italy (1973-1974)",,,exists,parser high-confidence match,knokout,,,,
bensa,Jack in the box,,,1975,,,,,,Jack in the box,new-model-existing-maker,jack-in-the-box,low,d-gottlieb-company,1973,1277,low,D. Gottlieb & Company (1931-1977) [Trade Name: Gottlieb],Gr2JJ-MnKlB,yes,create,,,"{""name"": ""Jack in the box"", ""maker_ce"": ""bensa-sas"", ""year"": 1975, ""year_uncertain"": false, ""technology"": ""em"", ""technology_note"": ""era + Bensa pattern; not explicit on the page"", ""players"": 1, ""players_note"": ""Bensa's documented games are all 1p (IPDB); Pinside: Italian copies were 1-player — presumed"", ""month"": null, ""game_format"": null, ""kit"": false, ""lineage"": ""Copy of D. Gottlieb & Company's 1973 'Jack In The Box' (ipdb 1277; catalog jack-in-the-box) — presumed from the name and Bensa's copy-of-contemporary-Gottlieb pattern; the tilt page gives no parenthetical""}",Copy of D. Gottlieb & Company's 1973 'Jack In The Box' (ipdb 1277; catalog jack-in-the-box) — presumed from the name and Bensa's copy-of-contemporary-Gottlieb pattern; the tilt page gives no parenthetical,,Jack in the box
bensa,Sure Shot,,,1976,,,,,,Sure Shot,new-model-existing-maker,sure-shot-2,low,d-gottlieb-company,1976,2457,low,D. Gottlieb & Company (1931-1977) [Trade Name: Gottlieb],GrqL6-Mx07k,yes,exists,"Catalog already has maker-less 'sure-shot-5' = IPDB 6724 ('Unknown Manufacturer', EM), whose note reads: 'This is an Italian-made add-a-ball copy of the USA replay Gottlieb's 1976 Sure Shot.' That matches tilt's Bensa 'Sure Shot' (1976) closely — Italian, 1976, copy of the Gottlieb game. Medium-high confidence same machine; adjudicate as exists with an attribution task (assert maker=bensa-sas, year=1976) rather than a create.",sure-shot-5,,Add-a-ball copy of D. Gottlieb & Company's 1976 'Sure Shot' (ipdb 2457; catalog sure-shot-2).,,
bontempi,Action,,copy of game from Chicago Coin’s ?,,,,,,,Action (copy of game from Chicago Coin’s ?),new-maker,action-2,low,exhibit-supply-company,1943,15,low,Chicago Coin Machine Manufacturing Company (1932-1977),GrJQv-M2Yjq,yes,create,,,"{""name"": ""Action"", ""year"": null, ""year_uncertain"": true, ""technology"": null, ""players"": null, ""production_month"": null, ""game_format"": ""pinball"", ""kit"": false, ""lineage"": ""Copy of an unidentified Chicago Coin game — tilt.it's own hedge: 'copy of game from Chicago Coin’s ?'. Plausibly Chicago Coin's 'Action' (1969, ipdb 15) given the identical name, but tilt.it does not commit and the parenthetical here is a note, not an American-original title.""}","Copy of an unidentified Chicago Coin game — tilt.it's own hedge: 'copy of game from Chicago Coin’s ?'. Plausibly Chicago Coin's 'Action' (1969, ipdb 15) given the identical name, but tilt.it does not commit and the parenthetical here is a note, not an American-original title.",,Action (copy of game from Chicago Coin's ?)
cea,Lucky Shot,,,1976,,ss,1,,(Enada V),Lucky Shot – ss – 1p (Enada V),exists,lucky-shot,high,costruzioni-elettroniche-automatiche,1978,3714,high,"Costruzioni Elettroniche Automatiche, of Bologna, Italy (1977-1979) [Trade Name: C.E.A.]",Gr2oD-MZell,,exists,parser high-confidence match,lucky-shot,,,,
cea,Timothyt T.,,,1977,,em,1,,,Timothyt T. – em – 1p,new-model-existing-maker,,,,,,,,,,exists,"Matches catalog 'Timothy T.' (costruzioni-elettroniche-automatiche, ipdb 4819, EM 1P). IPDB 4819 Notes: 'The 4-player version of this game is C.E.A.'s 1977 Timothy T.' - i.e. 4819 is the 1P EM listed here; the 4P SS ('Timothyt – ss – 4p' also on the page) is catalog timothy-t (ipdb 3735). 'Timothyt' spelling appears on the game itself.",timothy-t-2,,,,
cea,Alpha 2001,,,1977,,ss,1,,,Alpha 2001 – ss – 1p,exists,alpha-2001,high,costruzioni-elettroniche-automatiche,1977,3688,high,"Costruzioni Elettroniche Automatiche, of Bologna, Italy (1977-1979) [Trade Name: C.E.A.]",GRLdW-MDOz8,,exists,parser high-confidence match,alpha-2001,,,,
cea,Timothyt,,,1977,,ss,4,,,Timothyt – ss – 4p,exists,timothy-t,high,costruzioni-elettroniche-automatiche,1977,,,,GRBv3-MJ9xx,,exists,parser high-confidence match,timothy-t,,,,
cea,Fly Man,,,1978,,ss,1,,,Fly Man – ss – 1p,new-model-existing-maker,,,,,,,,,,create,,,"{""name"": ""Fly Man"", ""year"": 1978, ""year_uncertain"": false, ""technology"": ""ss"", ""players"": 1, ""month"": null, ""game_format"": ""pinball"", ""kit"": false, ""lineage"": ""Original C.E.A. solid-state title; no American original named on the page. Maker: Costruzioni Elettroniche Automatiche (C.E.A.), Bologna.""}","Original C.E.A. solid-state title; no American original named on the page. Maker: Costruzioni Elettroniche Automatiche (C.E.A.), Bologna.",,Fly Man – ss – 1p
cea,Satellite,,,1978,,ss,4,,,Satellite – ss – 4p,exists,satellite-2,high,costruzioni-elettroniche-automatiche,1978,3722,high,"Costruzioni Elettroniche Automatiche, of Bologna, Italy (1977-1979) [Trade Name: C.E.A.]",Grqwp-MQ626,,exists,parser high-confidence match,satellite-2,,,,
cea,Super Tris,,,1979,,ss,1,,,Super Tris – ss – 1p,exists,super-tris,high,costruzioni-elettroniche-automatiche,1979,3731,high,"Costruzioni Elettroniche Automatiche, of Bologna, Italy (1977-1979) [Trade Name: C.E.A.]",GRLpx-MJwxe,,exists,parser high-confidence match,super-tris,,,,
cea,Three Aces,,,1979,,ss,4,,,Three Aces – ss – 4p,exists,three-aces,high,costruzioni-elettroniche-automatiche,1979,3734,high,"Costruzioni Elettroniche Automatiche, of Bologna, Italy (1977-1979) [Trade Name: C.E.A.]",,,exists,parser high-confidence match,three-aces,,,,
ceff,Five Martians,,,,,,,,"*esistono almeno due versioni di questo flipper; una con le ruote dei punti, l’altra per i flipper a milioni (vedi depliant)",Five Martians,new-maker,,,,,,,,,,exists,Created by the hand-authored pilot patch 0081.,five-martians,,,,
ceff,Joker Ball,,,,,,,,"*non e’ chiaro se e’ il nome di un secondo modello, o solo il nome di una caratteristica di gioco del “Five Martians”",Joker Ball,new-maker,joker-ball,low,midway-manufacturing-company,,5561,low,"Midway Manufacturing Company, of Chicago, Illinois, USA (1959-1978) [Trade Name: Midway]",,yes,defer,"tilt.it itself is unsure it names a second model or a Five Martians feature (pilot decision, patch 0081 comment).",,,,,
centralmatic-lombarda,ZEUS,,,1979,,,,,"una copia, almeno nella grafica, dell’elettronico Williams “Flash”, strutturata per essere installata in un mobile Gottlieb’s, funzionante elettromeccanicamente (a parte i punteggi ed i suoni, tutti prodotti dalla scheda nella testata)",ZEUS (1979),exists,zeus,high,centralmatic-lombarda,1979,6674,high,"Centralmatic Lombarda, of Milano, Italy",,,exists,parser high-confidence match,zeus,,,,
dalla-pria-abm,Stellar Airship,,,,,,,,(art by Mike)(kit for em Gottliebs),Stellar Airship,new-maker,stellar-airship,low,geiger-automatenbau-gmbh,,4016,low,"Geiger-Automatenbau GmbH, of Germany (1978-1992)",GrN7J-MQj62,yes,defer,"Model-level conflict left open: catalog stellar-airship is Geiger's (ipdb 4016 notes are FIRST-PARTY from Mr. Geiger: 1979 SS conversion of Bally's Eight Ball, artist Mike Martinelli did all Geiger kits), while tilt.it shows Dalla Pria/ABM selling an EM-Gottlieb kit of the same name and artist. Possibly a rebadged/licensed Italian edition, possibly a distinct kit. No duplicate created; evidence banked. The MANUFACTURER Dalla Pria is created regardless on its own first-party evidence (dallapria.it: in games since 1958, direct producer; per user ruling first-party sites take priority).",stellar-airship,,,,
dama,Grand Slam,,Ice Show,,,,,,,Grand Slam (Ice Show),new-model-existing-maker,grand-slam-10,low,,,1074,low,D. Gottlieb & Company (1931-1977) [Trade Name: Gottlieb],G4PL3-MLeBP,yes,exists,"Catalog already has maker-less 'grand-slam-10' = IPDB 6996 ('Unknown Manufacturer', EM), whose note reads: 'This is a conversion of Gottlieb's 1966 Ice Show (Italy).' tilt lists DAMA 'Grand Slam (Ice Show)' — same original, same country, and DAMA is a conversion-kit maker (itmade.htm: 'DAMA (kit manufacturer)'). Medium-high confidence same machine; adjudicate as exists with an attribution task (assert maker=dama-srl) rather than a create. NOTE: this line sits ABOVE the '(?) 1970' header on the page, so it is undated.",grand-slam-10,,Conversion of D. Gottlieb & Company's 1966 'Ice Show (Italy)' (ipdb 1263; catalog ice-show-italy).,,
dama,Golf,,grafica di Cortez,1970,yes,,,,,Golf (grafica di Cortez),new-model-existing-maker,golf-2,low,fabrica-de-aparatos-electro-mecanicos-recreativos-sl-ofmadrid,,6169,low,"Sport matic, S.A., of Barcelona, Spain",,yes,create,,,"{""name"": ""Golf"", ""maker_ce"": ""dama-srl"", ""year"": 1970, ""year_uncertain"": true, ""year_note"": ""Page header is '(?) 1970' — the question mark is the source's own hedge on the year"", ""technology"": ""em"", ""technology_note"": ""era; all IPDB DAMA machines are EM"", ""players"": null, ""month"": null, ""game_format"": null, ""kit"": true, ""kit_basis"": ""itmade.htm: 'DAMA (kit manufacturer) (Milano, Italy)'"", ""lineage"": null, ""lineage_note"": ""'grafica di Cortez' = artwork by Cortez, an artist, not a source game (cf. itmade.htm on 'Lido': 'maybe from Dama - art by Cortez?'). Original game unidentified.""}",,,Golf (grafica di Cortez)
dama,Mexico 70,,grafica di Cortez,1970,yes,,,,,Mexico 70 (grafica di Cortez),new-model-existing-maker,,,,,,,,,,create,,,"{""name"": ""Mexico 70"", ""maker_ce"": ""dama-srl"", ""year"": 1970, ""year_uncertain"": true, ""technology"": ""em"", ""players"": null, ""month"": null, ""game_format"": null, ""kit"": true, ""kit_basis"": ""itmade.htm: 'DAMA (kit manufacturer)'"", ""lineage"": null, ""lineage_note"": ""Artwork by Cortez; original unidentified. Theme is evidently the 1970 FIFA World Cup ('Mexico 70'). Do not confuse with Elettronolo/Elettrocoin's 1970 'Mexico (kit for Bally's Rocket III)' on itmade.htm — different maker, different machine.""}",,,Mexico 70 (grafica di Cortez)
dama,Angels,,Rancho,1970,yes,,,,,Angels (Rancho),exists,angels,high,dama-srl,1970,4396,high,"Dama S.R.L., of Milan, Italy (1970)",,,exists,parser high-confidence match,angels,,,,
dama,Basket,,Bazaar,1970,yes,,,,,Basket (Bazaar),exists,basket,high,dama-srl,,5852,high,"Dama S.R.L., of Milan, Italy (1970)",,,exists,parser high-confidence match,basket,,,,
dama,Bookmaker’s,,Lunar Shot,1970,yes,,,,,Bookmaker’s (Lunar Shot),exists,bookmakers,high,dama-srl,1970,4397,high,"Dama S.R.L., of Milan, Italy (1970)",,,exists,"Spelling variant / repeat listing of ""Bookmaker's (Lunar Shot)"" which appears earlier on the same page (catalog bookmakers, dama-srl, ipdb 4397). Appears in a stretch of the list that repeats already-listed machines (second 'Basket (Bazaar)', bare 'World Star'), consistent with interleaved photo captions.",bookmakers,,,,
dama,Devil’s,,Rocket III,1970,yes,,,,,Devil’s (Rocket III),exists,devils,high,dama-srl,1970,4398,high,"Dama S.R.L., of Milan, Italy (1970)",,,exists,parser high-confidence match,devils,,,,
dama,Frogmen,,Bazaar,1970,yes,,,,,Frogmen (Bazaar),exists,frogmen,high,dama-srl,1970,4399,high,"Dama S.R.L., of Milan, Italy (1970)",,,exists,parser high-confidence match,frogmen,,,,
dama,Gold Beach,,,1970,yes,,,,,Gold Beach,new-model-existing-maker,,,,,,,,,,create,,,"{""name"": ""Gold Beach"", ""maker_ce"": ""dama-srl"", ""year"": 1970, ""year_uncertain"": true, ""technology"": ""em"", ""players"": null, ""month"": null, ""game_format"": null, ""kit"": true, ""kit_basis"": ""itmade.htm: 'DAMA (kit manufacturer)'"", ""lineage"": null}",,,Gold Beach
dama,Hippies,,Top Hand,1970,yes,,,,,Hippies (Top Hand),new-model-existing-maker,,,,,,,,,,exists,"Normalized-name match within the same maker: catalog 'hippy' (dama-srl, ipdb 4400, 1970). tilt lists three hippie-variants (Hippies, Hippye, Hippie) where IPDB/catalog have two (Hippy 4400, Hippye 4818); 'Hippies' most plausibly = IPDB 'Hippy'.",hippy,,,,
dama,Hippye,,Top Hand | grafica di Cortez,1970,yes,,,,,Hippye (Top Hand)(grafica di Cortez),exists,hippye-2,high,dama-srl,,4818,high,"Dama S.R.L., of Milan, Italy (1970)",,,exists,parser high-confidence match,hippye-2,,,,
dama,Hippie,,Bally “Capersville” | grafica di Cortez,1970,yes,,,,,Hippie (Bally “Capersville”) (grafica di Cortez),new-model-existing-maker,,,,,,,,,,create,,,"{""name"": ""Hippie"", ""maker_ce"": ""dama-srl"", ""year"": 1970, ""year_uncertain"": true, ""technology"": ""em"", ""players"": null, ""month"": null, ""game_format"": null, ""kit"": true, ""kit_basis"": ""itmade.htm: 'DAMA (kit manufacturer)'"", ""lineage"": ""Conversion/retheme of Bally's 1966 'Capersville' (ipdb 431; catalog capersville); artwork by Cortez""}",Conversion/retheme of Bally's 1966 'Capersville' (ipdb 431; catalog capersville); artwork by Cortez,,"Hippie (Bally ""Capersville"") (grafica di Cortez)"
dama,Basket,,Bazaar,1970,yes,,,,,Basket (Bazaar),exists,basket,high,dama-srl,,5852,high,"Dama S.R.L., of Milan, Italy (1970)",,,exists,parser high-confidence match,basket,,,,
dama,Book Makers,,,1970,yes,,,,,Book Makers,new-model-existing-maker,,,,,,,,,,exists,"Spelling variant / repeat listing of ""Bookmaker's (Lunar Shot)"" which appears earlier on the same page (catalog bookmakers, dama-srl, ipdb 4397). Appears in a stretch of the list that repeats already-listed machines (second 'Basket (Bazaar)', bare 'World Star'), consistent with interleaved photo captions.",bookmakers,,,,
dama,Flipper,,,1970,yes,,,,,Flipper,new-model-existing-maker,flipper-2,low,smith-manufacturing-company,1932,891,low,D. Gottlieb & Company (1931-1977) [Trade Name: Gottlieb],GrNXw-MLOYP,yes,defer,"Ambiguous in a way the source does not resolve: a bare name in a stretch of the list that mixes repeat entries (Basket, Book Makers, World Star — likely photo captions) with unique entries. 'Flipper' is also simply the Italian word for pinball machine, so this may be a generic caption rather than a title. No IPDB/OPDB DAMA match, no third-party corroboration, no image filename evidence recoverable from the cached HTML (lazy-loaded generic filenames). Recommend a human look at the page photos before creating.",,,,,
dama,O.K. Corral,,,1970,yes,,,,,O.K. Corral,new-model-existing-maker,,,,,,,,,,defer,"Plausible machine name (fits DAMA's western themes) presented bare in the caption-suspect stretch of the list. Appears in both page generations, but no IPDB/OPDB record, no photo identification, and no third-party source found. Same recommendation as 'Flipper': inspect the page photos, then either create or drop.",,,,,
dama,Novelty,,,1970,yes,,,,,Novelty,new-model-existing-maker,,,,,,,,,,defer,"Bare name in the caption-suspect stretch. Extra ambiguity: in EM-era trade usage 'novelty' names a play model (novelty vs replay versions, common in Italy where replays were restricted), so this may caption a machine VERSION rather than name a machine. No corroboration anywhere.",,,,,
dama,Player,,,1970,yes,,,,,Player,new-model-existing-maker,,,,,,,,,,defer,Bare name in the caption-suspect stretch; like 'Novelty' it reads as plausibly a caption fragment or play-model label rather than a machine title. No IPDB/OPDB/third-party corroboration.,,,,,
dama,Ponies,,,1970,yes,,,,,Ponies,new-model-existing-maker,ponies,low,western-equipment-supply-company,1936,1845,low,"Western Equipment & Supply Company, of Chicago, Illinois, USA (1934-1938)",,yes,defer,Bare name in the caption-suspect stretch. No DAMA 'Ponies' in IPDB/OPDB and no third-party source found.,,,,,
dama,World Star,,,1970,yes,,,,,World Star,exists,world-star,high,dama-srl,1970,4405,high,"Dama S.R.L., of Milan, Italy (1970)",,,exists,parser high-confidence match,world-star,,,,
dama,Las Vegas,,Solitaire,1970,yes,,,,,Las Vegas (Solitaire),exists,las-vegas-3,high,dama-srl,1970,4068,high,"Dama S.R.L., of Milan, Italy (1970)",G4Jzo-MQ7jl,,exists,parser high-confidence match,las-vegas-3,,,,
dama,Mondial Bank,,Harmony,1970,yes,,,,,Mondial Bank (Harmony),exists,mondial-bank,high,dama-srl,1970,4069,high,"Dama S.R.L., of Milan, Italy (1970)",,,exists,parser high-confidence match,mondial-bank,,,,
dama,New City,,Big Strike,1970,yes,,,,,New City (Big Strike),exists,new-city,high,dama-srl,1970,4401,high,"Dama S.R.L., of Milan, Italy (1970)",,,exists,parser high-confidence match,new-city,,,,
dama,Play Time,,Ice Show,1970,yes,,,,,Play Time (Ice Show),exists,play-time-2,high,dama-srl,1970,4402,high,"Dama S.R.L., of Milan, Italy (1970)",G5Koz-M61e0,,exists,parser high-confidence match,play-time-2,,,,
dama,Rally,,Elite Guard,1970,yes,,,,,Rally (Elite Guard),exists,rally,high,dama-srl,1970,4067,high,"Dama S.R.L., of Milan, Italy (1970)",,,exists,parser high-confidence match,rally,,,,
dama,Road,,Electra Pool,1970,yes,,,,,Road (Electra Pool),exists,road,high,dama-srl,1970,4403,high,"Dama S.R.L., of Milan, Italy (1970)",,,exists,parser high-confidence match,road,,,,
dama,Spider,,Hurdy Gurdy,1970,yes,,,,,Spider (Hurdy Gurdy),exists,spider,high,dama-srl,,4404,high,"Dama S.R.L., of Milan, Italy (1970)",GRpYQ-MkPd9,,exists,parser high-confidence match,spider,,,,
dama,Western,,Subway,1970,yes,,,,,Western (Subway),exists,western-2,high,dama-srl,1970,4066,high,"Dama S.R.L., of Milan, Italy (1970)",,,exists,parser high-confidence match,western-2,,,,
dama,World Star,,Magic Town,1970,yes,,,,,World Star (Magic Town),exists,world-star,high,dama-srl,1970,4405,high,"Dama S.R.L., of Milan, Italy (1970)",,,exists,parser high-confidence match,world-star,,,,
dama,Jolly,,Hurdy Gurdy,1970,yes,,,,,Jolly (Hurdy Gurdy),exists,jolly-2,high,dama-srl,,6837,high,"Dama S.R.L., of Milan, Italy (1970)",,,exists,parser high-confidence match,jolly-2,,,,
eagle,Lucky Card,,,,,,,,"una copia del Gottlieb’s “Lucky Card”, strutturata per essere installata in mobili Williams",Lucky Card,exists,lucky-card-2,high,eagle,,5657,high,"Eagle, of Italy",GrPpb-MLEk7,,exists,parser high-confidence match,lucky-card-2,,,,
egs,New York Defence,,vid-pinball,1981,,,,,,New York Defence (vid-pinball),exists,new-york-defence,high,electronic-games-systems-srl,1981,3920,high,"Electronic Games Systems S.R.L., of Fano, Italy(1981) [Trade Name: E. G. S.]",,,exists,parser high-confidence match,new-york-defence,,,,
elbos,Sea Devil,,,1982,,ss,4,,,Sea Devil – ss – 4p,exists,sea-devil,high,elbos-electronics,,6386,high,"Elbos Electronics, of Italy",,,exists,parser high-confidence match,sea-devil,,,,
elbos,Genesis,,,1982,,ss,4,,,Genesis – ss – 4p,exists,genesis-2,high,elbos-electronics,1982,5179,high,"Elbos Electronics, of Italy",Gr2wz-MLBob,,exists,parser high-confidence match,genesis-2,,,,
elettronolo,Calcio Italia,,prima serie con lanciabiglia manuale,1965,,em,2,,,Calcio Italia (prima serie con lanciabiglia manuale) – em – 2p,new-model-existing-maker,,,,,,,,,,exists,"Same machine as catalog 'Calcio ""Italia"" (1st series)' (soc-elettrogiochi, ipdb 5505, EM 2P). Tilt adds year 1965 (catalog has none) and the manual ball launcher detail.",calcio-italia-1st-series,,,,
elettronolo,Calcio Italia,,seconda serie con testatina,1966,,em,2,,(same cabinet graphics as rare Bally’s “Boot-a-Ball”),Calcio Italia (seconda serie con testatina) – em – 2p,new-model-existing-maker,,,,,,,,,,exists,"Same machine as catalog 'Calcio ""Italia"" (2nd series)' (soc-elettrogiochi, ipdb 4070, EM 2P). Minor year conflict: tilt 1966 vs IPDB/catalog 1967. Tilt adds: same cabinet graphics as Bally's rare 'Boot-a-Ball'.",calcio-italia-2nd-series,,,,
elettronolo,Casino’,,,1966,,,,,,Casino’,exists,casino-3,high,elettrocoin,1965,3964,high,"Elettrocoin, of Firenze (Florence), Italy (1965-1970)",G4xOz-MDnlX,,exists,parser high-confidence match,casino-3,,,,
elettronolo,Derby,,kit for Bally’s Gold Rush,1970,,,,,,Derby (kit for Bally’s Gold Rush),exists,derby-3,high,elettrocoin,1970,4075,high,"Elettrocoin, of Firenze (Florence), Italy (1965-1970)",G43O1-MJ51E,,exists,parser high-confidence match,derby-3,,,,
elettronolo,Selen Cup,,head to head | date: 7-6-1969,1969,,,,,,Selen Cup (head to head) (date: 7-6-1969),exists,selen-cup,high,elettrocoin,1969,3977,high,"Elettrocoin, of Firenze (Florence), Italy (1965-1970)",,,exists,parser high-confidence match,selen-cup,,,,
elettronolo,Good Year,,kit for Williams’ Lunar Shot,1969,,,,,,Good Year (kit for Williams’ Lunar Shot),exists,good-year,high,elettrocoin,1969,4071,high,"Elettrocoin, of Firenze (Florence), Italy (1965-1970)",,,exists,parser high-confidence match,good-year,,,,
elettronolo,Macao,,,1968,,,,,,Macao,exists,macao,high,elettrocoin,1968,3966,high,"Elettrocoin, of Firenze (Florence), Italy (1965-1970)",,,exists,parser high-confidence match,macao,,,,
elettronolo,Rose & Can Can,,,1968,,,,,,Rose & Can Can,exists,rose-can-can,high,elettrocoin,1968,4073,high,"Elettrocoin, of Firenze (Florence), Italy (1965-1970)",,,exists,parser high-confidence match,rose-can-can,,,,
elettronolo,Mexico,,kit for Bally’s Rocket III,1970,,,,,,Mexico (kit for Bally’s Rocket III),exists,mexico-3,high,elettrocoin,1970,4074,high,"Elettrocoin, of Firenze (Florence), Italy (1965-1970)",,,exists,parser high-confidence match,mexico-3,,,,
elettronolo,Scala Reale,,,1970,,,,,,Scala Reale,exists,scala-reale,high,elettrocoin,1970,4076,high,"Elettrocoin, of Firenze (Florence), Italy (1965-1970)",,,exists,parser high-confidence match,scala-reale,,,,
elettronolo,Summer Time,,kit for Gottliebs’ Solitaire – Hit a card,1970,,,,,,Summer Time (kit for Gottliebs’ Solitaire – Hit a card),exists,summer-time-4,high,elettrocoin,1970,4072,high,"Elettrocoin, of Firenze (Florence), Italy (1965-1970)",GrJED-MLOwz,,exists,parser high-confidence match,summer-time-4,,,,
elettronolo,????,,,1970,,,,,,????,new-model-existing-maker,,,,,,,,,,noise,"Unknown-year section header on the page (introduces the undated 'Night Club' and 'Carnival' lines), not a machine.",,,,,
elettronolo,Night Club,,,1970,,em,1,,,Night Club – em – 1p,exists,night-club-2,high,elettrocoin,,5003,high,"Elettrocoin, of Firenze (Florence), Italy (1965-1970)",,,exists,parser high-confidence match,night-club-2,,,,
elettronolo,Carnival,,,1970,,em,1,,(Subway),Carnival – em – 1p (Subway),new-model-existing-maker,carnival-2,low,sega-enterprises-ltd,1971,450,low,Bally Manufacturing Corporation (1931-1983) [Trade Name: Bally],GRBv9-MLXlL,yes,create,,,"{""name"": ""Carnival"", ""year"": null, ""year_uncertain"": true, ""year_note"": ""listed under the page's '????' (unknown year) header; firm active 1965-1970"", ""technology"": ""em"", ""players"": 1, ""month"": null, ""game_format"": ""pinball"", ""kit"": true, ""kit_uncertain"": true, ""lineage"": ""Per tilt parenthetical, based on Gottlieb's 1966 'Subway' (ipdb 2412; an Italian-market 'Subway (Italy)' also exists as ipdb 4777). Likely a conversion in line with the firm's other output (Derby=kit for Bally Gold Rush, Mexico=kit for Bally Rocket III, etc.). Maker: Elettrocoin (catalog CE elettrocoin).""}","Per tilt parenthetical, based on Gottlieb's 1966 'Subway' (ipdb 2412; an Italian-market 'Subway (Italy)' also exists as ipdb 4777). Likely a conversion in line with the firm's other output (Derby=kit for Bally Gold Rush, Mexico=kit for Bally Rocket III, etc.). Maker: Elettrocoin (catalog CE elettrocoin).",,Carnival – em – 1p (Subway)
emmepi,Card King,,copy of same Gottlieb’s game,,,,,,,Card King (copy of same Gottlieb’s game),exists,card-king-3,high,emmepi,,6423,high,Emmepi,GRL9Q-MJpKr,,exists,parser high-confidence match,card-king-3,,,,
emmepi,Jungle Life,,copy of same Gottlieb’s game,,,,,,,Jungle Life (copy of same Gottlieb’s game),new-model-existing-maker,jungle-life-2,low,,,1337,low,D. Gottlieb & Company (1931-1977) [Trade Name: Gottlieb],G5B0y-MZeOe,yes,create,,,"{""name"": ""Jungle Life"", ""year"": null, ""year_uncertain"": true, ""technology"": ""em"", ""technology_uncertain"": true, ""players"": 1, ""players_uncertain"": true, ""month"": null, ""game_format"": ""pinball"", ""kit"": false, ""lineage"": ""Tilt: 'copy of same Gottlieb's game' - copy of Gottlieb's 1972 'Jungle Life' (ipdb 1337). Maker: Emmepi (catalog CE emmepi; precedent: Emmepi's Card King copy, catalog card-king-3 / ipdb 6423).""}","Tilt: 'copy of same Gottlieb's game' - copy of Gottlieb's 1972 'Jungle Life' (ipdb 1337). Maker: Emmepi (catalog CE emmepi; precedent: Emmepi's Card King copy, catalog card-king-3 / ipdb 6423).",,Jungle Life (copy of same Gottlieb's game)
europlay,Sky Star,,,1974,,em,1,,(primo modello – presentato Fiera di Milano 73 o 74)(art: Mike),Sky Star – em – 1p (primo modello – presentato Fiera di Milano 73 o 74)(art: Mike),exists,sky-star,high,europlay,1974,5050,high,"Europlay, of Italy",G4xlK-MQkWr,,exists,parser high-confidence match,sky-star,,,,
europlay,Tic & Toc,,,1974,,em,1,,(oct. 1974 – scritte in italiano – presentato Enada III),Tic & Toc – em – 1p (oct. 1974 – scritte in italiano – presentato Enada III),exists,tic-toc,high,europlay,1974,4079,high,"Europlay, of Italy",GRWwO-Mz2B6,,exists,parser high-confidence match,tic-toc,,,,
europlay,Big Dryvers,,,1974,,em,4,,,Big Dryvers – em – 4p,new-model-existing-maker,big-dryvers,low,mondialmatic,,4110,med,"Mondialmatic, of Florence, Italy (1979)",G43WO-MJYYV,yes,create,,,"{""name"": ""Big Dryvers"", ""year"": 1974, ""year_uncertain"": true, ""year_note"": ""tilt places it in the 1974 section; Pinside dates Europlay's Big Dryvers 1979"", ""technology"": ""em"", ""players"": 4, ""month"": null, ""game_format"": ""pinball"", ""kit"": false, ""lineage"": ""Europlay 4-player game; EM sibling of the SS version listed on the same line-pair (seed convention: em/ss versions are separate models). Name shared with Mondialmatic's 1979 Space Orbit conversion kit (catalog big-dryvers), relationship unknown.""}","Europlay 4-player game; EM sibling of the SS version listed on the same line-pair (seed convention: em/ss versions are separate models). Name shared with Mondialmatic's 1979 Space Orbit conversion kit (catalog big-dryvers), relationship unknown.",,Big Dryvers – em – 4p
europlay,Big Dryvers,,,1974,,ss,4,,,Big Dryvers – ss – 4p,new-model-existing-maker,big-dryvers,low,mondialmatic,,4110,med,"Mondialmatic, of Florence, Italy (1979)",G43WO-MJYYV,yes,create,,,"{""name"": ""Big Dryvers"", ""year"": 1974, ""year_uncertain"": true, ""year_note"": ""tilt places it in the 1974 section - implausibly early for solid-state; Pinside dates Europlay's Big Dryvers 1979"", ""technology"": ""ss"", ""players"": 4, ""month"": null, ""game_format"": ""pinball"", ""kit"": false, ""lineage"": ""Europlay 4-player game; SS sibling of the EM version listed immediately above it on the page (both lines verified in the page HTML).""}",Europlay 4-player game; SS sibling of the EM version listed immediately above it on the page (both lines verified in the page HTML).,,Big Dryvers – ss – 4p
europlay,Tanga,,,1975,,em,1,,(scritte in italiano),Tanga – em – 1p (scritte in italiano),exists,tanga,high,europlay,1975,4080,high,"Europlay, of Italy",GryjX-MvBXe,,exists,parser high-confidence match,tanga,,,,
europlay,El Dorado,,,1976,,em,1,,"(esiste con vetro marcato “Europlay”, ma anche con vetro marcato “RMG”)","El Dorado – em – 1p (esiste con vetro marcato “Europlay”, ma anche con vetro marcato “RMG”)",exists,el-dorado-3,high,europlay,1976,5216,high,"Europlay, of Italy",GrEZ5-MDWv8,,exists,parser high-confidence match,el-dorado-3,,,,
europlay,Card Whiz,,,1976,,em,1,,,Card Whiz – em – 1p,exists,card-whiz-2,high,europlay,1976,4844,high,"Europlay, of Italy",GrEWx-MQPPX,,exists,parser high-confidence match,card-whiz-2,,,,
europlay,Red Arrow,,,1978,,em,1,,(by “New Europlay)(art: Mike)(first with “Biri Biri” feature),Red Arrow – em – 1p,exists,red-arrow-3,high,europlay,1978,4078,high,"Europlay, of Italy",G5WPp-MDbNj,,exists,parser high-confidence match,red-arrow-3,,,,
europlay,Royal King,,,1978,,em,1,,,Royal King – em – 1p,new-model-existing-maker,royal-king,low,renato-montanari-giochi,1976,4736,med,"Renato Montanari Giochi, of Bologna, Italy [Trade Name: R.M.G.]",G4JND-MP3qK,yes,exists,"Same machine as catalog 'Royal King' (renato-montanari-giochi, ipdb 4736, RMG EM 1P). Only one Royal King known; name/tech/players match.",royal-king,,,,
europlay,Sky Fly,,,1978,,,,,,Sky Fly – F,exists,sky-fly,high,europlay,1978,5255,high,"Europlay, of Italy",G5Yqx-MKNjX,yes,exists,"Catalog 'Sky Fly' (europlay, 1978, ipdb 5255, EM 4P) - already matched high-confidence; re-checked. The stray '– F' tech marker on the tilt line is unexplained (not em/ss); IPDB records the game as EM. No action beyond keeping the existing match.",sky-fly,,,,
europlay,Sinbad,,,1979,,em,1,,"(by “New Europlay)(“SiMbad” on the flyer and cabinet, “SiNbad” on the backglass and schematics)",Sinbad – em – 1p,new-model-existing-maker,sinbad-3,low,electromatic-brasil,1978,2159,low,"D. Gottlieb & Company, a Columbia Pictures Industries Company (1977-1983)[Trade Name: Gottlieb]",G4xqN-MD1Rj,yes,exists,"Same machine as catalog 'Sinbad Adventures' (europlay, 1979, ipdb 3252, EM 1P). IPDB 3252 Notes: 'The playfield is a redesign of Gottlieb's 1978 Sinbad, and the backglass shows a longer name of Sinbad Adventures' and note the cabinet 'has the name incorrectly spelled as ""Simbad""' - exactly matching tilt's SiMbad/SiNbad remark. Worksheet's sinbad-3 (Electromatic Brasil) guess is wrong.",sinbad-adventures,,,,
europlay,Dragon,,,1979,,em,1,,,Dragon – em – 1p,exists,dragon-6,high,europlay,1979,6298,high,"Europlay, of Italy",G4qPZ-ME0Nr,,exists,parser high-confidence match,dragon-6,,,,
europlay,Dragon,,,1979,,,,,,Dragon,exists,dragon-6,high,europlay,1979,6298,high,"Europlay, of Italy",G4qPZ-ME0Nr,,exists,parser high-confidence match,dragon-6,,,,
ferna,Steeple,yes,,1979,,,,,,Steeple (?),new-maker,,,,,,,,,,create,,,"{""name"": ""Steeple"", ""name_uncertain"": true, ""name_uncertain_hedge"": ""tilt.it itself writes the title as 'Steeple (?)' — the '(?)' is the source's own doubt about the name, not about the machine's existence (the page has a photo slot and a firm year)."", ""year"": 1979, ""year_uncertain"": false, ""technology"": null, ""players"": null, ""production_month"": null, ""game_format"": ""pinball"", ""kit"": false, ""lineage"": null}",,,Steeple (?)
g_braun,copia del Galaxie Gottlieb’s,,,,,,,,,copia del Galaxie Gottlieb’s,new-maker,,,,,,,,,,defer,"The two gallery photos show a real full machine: a playfield copying Gottlieb's 1971 'Galaxie' (itself Gottlieb's Italy/Brazil export version of 'Dimension', EM, 1p, add-a-ball — ipdb 978), with a banner reading 'G-Braun' in the playfield slot where the original carries the game title. So the machine exists, but a title cannot be asserted: it may have been sold as 'G. Braun', or unnamed. Creating a catalog title requires a human decision on naming.",,"{""name"": ""G. Braun (from the playfield banner in the title position — uncertain)"", ""name_uncertain"": true, ""year"": null, ""year_uncertain"": true, ""technology"": ""em"", ""players"": 1, ""players_note"": ""inferred from the Gottlieb Galaxie original (ipdb 978, 1 player); not stated by tilt.it"", ""game_format"": ""pinball"", ""kit"": false, ""lineage"": ""Copy of Gottlieb's 'Galaxie' (1971, D. Gottlieb & Company) — per tilt.it 'copia del Galaxie Gottlieb’s' and the photographed playfield art""}","Copy of Gottlieb's 'Galaxie' (1971, D. Gottlieb & Company) — per tilt.it 'copia del Galaxie Gottlieb’s' and the photographed playfield art",,
gl,????,,,,,,,,,????,new-model-existing-maker,,,,,,,,,,defer,"Machine with unreadable/unknown name on the GL page — unnameable, cannot create.",,,,,
gl,Jolly Joker,,,,,,,,,Jolly Joker,new-model-existing-maker,jolly-joker-2,low,united-manufacturing-company,1955,4113,med,"Mondialmatic, of Florence, Italy (1979)",GrlEB-ML0Pz,yes,exists,"IPDB 4113 attributes the Jolly Joker kit to Mondialmatic (conversion kit for Gottlieb's 1973 Ten-Up); tilt.it lists it on the GL page too — conflict noted, no duplicate created.",jolly-joker-3,,,,
gl,Golden Arrow,,,1978,,em,1,,,Golden Arrow – em – 1p,exists,golden-arrow-3,high,giuliano-lodola,1978,4082,med,"Giuliano Lodola, of Avenza, Massa-Carrera, Toscana, Italy (1978-1981)",G5WPp-MDBx9,,exists,parser high-confidence match,golden-arrow-3,,,,
gl,Giunone,,Poseidon,1978,,em,1,,,Giunone (Poseidon) – em – 1p,exists,giunone,high,giuliano-lodola,1978,5178,med,"Giuliano Lodola, of Avenza, Massa-Carrera, Toscana, Italy (1978-1981)",,,exists,parser high-confidence match,giunone,,,,
gl,Rocky Girl,,Rock Star,1979,,em,1,,,Rocky Girl (Rock Star) – em – 1p,exists,rocky-girl,high,giuliano-lodola,,4084,med,"Giuliano Lodola, of Avenza, Massa-Carrera, Toscana, Italy (1978-1981)",GRbD8-M9Rqz,,exists,parser high-confidence match,rocky-girl,,,,
gl,Rocky Girl,,Rock Star,1979,,ss,1,,,Rocky Girl (Rock Star) – ss – 1p,exists,rocky-girl,high,giuliano-lodola,,4084,med,"Giuliano Lodola, of Avenza, Massa-Carrera, Toscana, Italy (1978-1981)",GRbD8-M9Rqz,,exists,parser high-confidence match,rocky-girl,,,,
gl,Basket World Trotter,,Harlem Globetrotters,1979,,ss,1,,,Basket World Trotter (Harlem Globetrotters) – ss – 1p,exists,basket-world-trotter,high,giuliano-lodola,1979,4083,med,"Giuliano Lodola, of Avenza, Massa-Carrera, Toscana, Italy (1978-1981)",,,exists,parser high-confidence match,basket-world-trotter,,,,
gl,Basket World Trotter,,Harlem Globetrotters,1979,,ss,4,,,Basket World Trotter (Harlem Globetrotters) – ss – 4p,exists,basket-world-trotter,high,giuliano-lodola,1979,4083,med,"Giuliano Lodola, of Avenza, Massa-Carrera, Toscana, Italy (1978-1981)",,,exists,parser high-confidence match,basket-world-trotter,,,,
gl,Black Hole,,Blackout,1980,,ss,4,,,Black Hole (Blackout) – ss – 4p,exists,black-hole-2,high,giuliano-lodola,1980,4087,med,"Giuliano Lodola, of Avenza, Massa-Carrera, Toscana, Italy (1978-1981)",GRwYo-MQ2RR,,exists,parser high-confidence match,black-hole-2,,,,
gl,Black Rider,,Black Knight,1980,,ss,4,,,Black Rider (Black Knight) – ss – 4p,exists,black-rider,high,giuliano-lodola,1981,4085,med,"Giuliano Lodola, of Avenza, Massa-Carrera, Toscana, Italy (1978-1981)",GrO7w-Mo1Zl,,exists,parser high-confidence match,black-rider,,,,
gl,Diablo,,,1980,,ss,4,,,Diablo – ss – 4p,new-model-existing-maker,,,,,,,,,,create,"GL (giuliano-lodola) 1980 ss 4p, tilt.it only; no IPDB entry.",,,,,Diablo – ss – 4p
gl,Zoser,,Pharaoh,1981,,ss,4,,,Zoser (Pharaoh) – ss – 4p,exists,zoser,high,giuliano-lodola,1981,4086,med,"Giuliano Lodola, of Avenza, Massa-Carrera, Toscana, Italy (1978-1981)",,,exists,parser high-confidence match,zoser,,,,
gl,????,,,1981,,,,,,????,new-model-existing-maker,,,,,,,,,,defer,"Machine with unreadable/unknown name on the GL page — unnameable, cannot create.",,,,,
gl,Space Woman,,GL ?,1981,,ss,4,,with “mixage record” feature,Space Woman (GL ?) – ss – 4p – with “mixage record” feature,new-model-existing-maker,space-woman,low,,,5951,low,Unknown Manufacturer,,yes,exists,"Catalog holds it maker-less (ipdb 5951, 'Unknown Manufacturer'); tilt.it itself hedges the maker ('GL ?') — CE assignment deferred, evidence banked.",space-woman,,,,
idi,Ice Mania,,,1978,,ss,4,,,Ice Mania – SS – 4p,exists,ice-mania,high,idi,,3911,high,"I.D.I., of Italy",G43DV-MBREl,,exists,parser high-confidence match,ice-mania,,,,
idi,Movie Master,,,1978,,ss,4,,,Movie Master – SS – 4p,new-model-existing-maker,,,,,,,,,,exists,"Pluralization variant of catalog 'Movie Masters' (idi, ipdb 3910, I.D.I. SS 4P). Tilt adds year 1978 (catalog has none), consistent with the page dating all four IDI games 1978.",movie-masters,,,,
idi,Sky Warrior,,,1978,,ss,4,,,Sky Warrior – SS – 4p,exists,sky-warrior,high,idi,,3905,high,"I.D.I., of Italy",Gr3VN-MJ5qB,,exists,parser high-confidence match,sky-warrior,,,,
idi,Tiger Woman,,,1978,,ss,4,,,Tiger Woman – SS – 4p,exists,tiger-woman,high,idi,,3904,high,"I.D.I., of Italy",G4eEJ-M61q0,,exists,parser high-confidence match,tiger-woman,,,,
ipdb-flipper-kit-italiani-non-identificati,Time Out,,Bologna,,,,,,,Time Out (Bologna),new-maker,time-out-2,low,v-p-distributing-company,1944,4992,med,"Ripepi, of Messina, Italy",,yes,defer,"Ambiguous identity. Catalog already has time-out (Ripepi, ipdb 4992) and tilt.it's own Ripepi maker page separately lists a 'Time Out' — yet tilt.it keeps this '(Bologna)' example on the unidentified page. '(Bologna)' is a sighting/collection location, and tilt.it maintaining both listings means we cannot safely assert this is Ripepi's game nor create a second one. Parser's match time-out-2 (V.P. Distributing 1944, ipdb 5075) is wrong.",time-out,,IPDB 4992 (Ripepi Time Out) is 'an add-a-ball version of the 4-player Gottlieb's 1974 Far Out' — applies only if this Bologna example is the same game,,
ipdb-flipper-kit-italiani-non-identificati,Hot Bullet,,,,,,,,,Hot Bullet,new-maker,hot-bullet,low,,1970,6421,low,Unknown Manufacturer,,yes,exists,"Catalog hot-bullet = ipdb 6421 (Unknown Manufacturer, 1970), which is this game.",hot-bullet,,,,
ipdb-flipper-kit-italiani-non-identificati,Hit and Run,,,,,,,,,Hit and Run,new-maker,hit-and-run,low,h-m-manufacturing-company,1933,3992,low,"H & M Manufacturing Company, of Chicago, Illinois, USA (1932-1933)",,yes,create,"Photo-only entry, no commentary. Catalog hit-and-run is the H & M 1933 game (ipdb 3992) — a different machine; parser match was wrong. No IPDB entry for an Italian Hit and Run.",,"{""name"": ""Hit and Run"", ""year"": null, ""technology"": null, ""kit"": ""unknown"", ""lineage"": ""donor not stated on page; note existing unrelated games Williams 'Hit and Run Base-Ball' (ipdb 1193, 1970) and H & M 'Hit and Run' (ipdb 3992, 1933)"", ""brand"": ""none""}","donor not stated on page; note existing unrelated games Williams 'Hit and Run Base-Ball' (ipdb 1193, 1970) and H & M 'Hit and Run' (ipdb 3992, 1933)",,Hit and Run
ipdb-flipper-kit-italiani-non-identificati,Stunt Cars,,,,,,,,,Stunt Cars,new-maker,,,,,,,,,,defer,"Duplicate of an attributed listing: tilt.it's own master list (itmade.htm) puts Stunt Cars under Artigiana Ricambi (Sesto Fiorentino), and the artigiana-ricambi worksheet page already carries the row 'Stunt Cars | modifica Card King | 1976'. Create it once, there, not maker-less here.",,,,,
ipdb-flipper-kit-italiani-non-identificati,POOL,,"“Cue-T”, Williams",,,,,,,"POOL (“Cue-T”, Williams)",new-maker,pool,low,williams-electronics-games-incorporated-a-subsidiary-of-wms-industries-incorporated,,3717,low,"Williams Electronics Games, Incorporated, a subsidiary of WMS Ind., Incorporated (1985-1999) [Trade Name: Williams]",,yes,create,"Distinct from catalog pool (Williams 'Pool', ipdb 3717, a different 1980s prototype) — parser match wrong. tilt.it names the donor and original maker explicitly.",,"{""name"": ""Pool"", ""year"": null, ""technology"": null, ""kit"": true, ""lineage"": ""renamed backglass for Williams 'Cue-T' (ipdb 611, Williams Electronics, 1968); tilt.it says it is more a redone glass than a full kit"", ""brand"": ""none""}","renamed backglass for Williams 'Cue-T' (ipdb 611, Williams Electronics, 1968); tilt.it says it is more a redone glass than a full kit",,"POOL (""Cue-T"", Williams)"
ipdb-flipper-kit-italiani-non-identificati,"Piu’ che un kit, parrebbe un vetro rifatto con nome differente per un CUE-T Williams. Viene riportato il costruttore originale (Williams), il flipper e’ un CUE-T, ma cambia il nome. Forse costruito per zone in cui il CUE-T era finito in qualche lista di giochi proibiti?",,,,,,,,,"Piu’ che un kit, parrebbe un vetro rifatto con nome differente per un CUE-T Williams. Viene riportato il costruttore originale (Williams), il flipper e’ un CUE-T, ma cambia il nome. Forse costruito per zone in cui il CUE-T era finito in qualche lista di giochi proibiti?",new-maker,,,,,,,,,yes,noise,"Italian commentary paragraph belonging to the POOL entry (line 188), not a product. Captured there as lineage evidence.",,,,,
ipdb-flipper-kit-italiani-non-identificati,POKERRR!!!,,,,,,,,,POKERRR!!!,new-maker,,,,,,,,,,create,The page's next line 'Kit per Harmony/Troubadour' is this entry's subtitle naming the donors. No catalog or IPDB entry found; web search found nothing beyond tilt.it.,,"{""name"": ""POKERRR!!!"", ""year"": null, ""technology"": ""em (implied by donor)"", ""kit"": true, ""lineage"": ""kit for Gottlieb 'Harmony' (ipdb 1127, 1967) / 'Troubadour' (ipdb 2666, 1967)"", ""brand"": ""none""}","kit for Gottlieb 'Harmony' (ipdb 1127, 1967) / 'Troubadour' (ipdb 2666, 1967)",,POKERRR!!!
ipdb-flipper-kit-italiani-non-identificati,Kit per Harmony/Troubadour,,,,,,,,,Kit per Harmony/Troubadour,new-maker,,,,,,,,,,noise,"Subtitle/commentary line for POKERRR!!! (line 190), not a separate product. Captured there as lineage evidence.",,,,,
ipdb-flipper-kit-italiani-non-identificati,KO,,,,,,,,"grafica by Lorenzo Rimondini, logo illeggibile ma volutamente simile a Gottlieb (in realta’ c’e’ scritto altro)",KO,new-maker,,,,,,,,,,defer,"Duplicate of an attributed listing: tilt.it's LORI page (Budrio (BO), Sig. Lorenzo Rimondini) lists KO among LORI's games, and this page's own caption credits the art to Rimondini. The lori worksheet page already has a KO row — create it once there.",,,,,
ipdb-flipper-kit-italiani-non-identificati,Baseball,,,,,,,,,Baseball,new-maker,baseball-10,low,bally-manufacturing-corporation,1936,184,low,"Stoner Manufacturing Company, of Aurora, Illinois, USA (1933-1941)",G4E2y-MJ5Pv,yes,create,"Photo-only entry. All ~18 catalog 'Baseball' models are American (parser guessed baseball-10, Bally 1936 — wrong); no unknown-maker/Italian Baseball in IPDB. Weakest of the creates: name + photo only.",,"{""name"": ""Baseball"", ""year"": null, ""technology"": null, ""kit"": ""unknown"", ""lineage"": ""donor not stated"", ""brand"": ""none""}",donor not stated,,Baseball
ipdb-flipper-kit-italiani-non-identificati,Arrow,,,,,,,,,Arrow,new-maker,arrow-2,low,allied-amusement-company,1935,6454,med,"Ripepi, of Messina, Italy",,yes,exists,"Catalog arrow-3 = ipdb 6454, Ripepi, which is this game. Parser guessed arrow-2 (Allied Amusement 1935) — wrong.",arrow-3,,,,
ipdb-flipper-kit-italiani-non-identificati,AI-LO,,,,,,,,,AI-LO,new-maker,,,,,,,,,,defer,"Unnameable beyond the logo. The entry is a single backglass photo; the dedicated /ai-lo subpage (ultimo aggiornamento marzo 2021) contains ONLY the title 'AI-LO', one image, and share-button furniture — no prose, no game name, no year, no donor, no statement that AI-LO is a firm. Nothing in IPDB or the catalog matches 'AI-LO'; web search finds nothing.",,,,,
ipdb-flipper-kit-italiani-non-identificati,Thrills,,,,,,,,"(grafica di “De Angelis”, con firma sul piano di gioco, canale esterno desto; notare i due strani contatti di fianco all’outhole, montati sull’apron metallico, visibili in foto n.21, il cui utilizzo e’ sconosciuto)",Thrills,new-maker,thrills,low,,,5381,low,Unknown Manufacturer,,yes,exists,"Catalog thrills = ipdb 5381 (Unknown Manufacturer), which is this game.",thrills,,,,
ipdb-flipper-kit-italiani-non-identificati,Aquarium,,,,,,,,"looks like an italian kit inspired from the Gottlieb’s “Aquarius” – check the differencies (higher scoring, no credit window, score windows’ sizes reduced from behind, as if originally designed to fit old metal score wheels, etc)",Aquarium,new-maker,,,,,,,,,,create,"No catalog or IPDB match. tilt.it's hedge is about interpretation, not existence; the differences it lists are concrete.",,"{""name"": ""Aquarium"", ""year"": null, ""technology"": ""em (implied)"", ""kit"": ""probable (tilt.it hedges: 'looks like an italian kit')"", ""lineage"": ""inspired by Gottlieb 'Aquarius' (ipdb 79, 1970)"", ""brand"": ""none""}","inspired by Gottlieb 'Aquarius' (ipdb 79, 1970)",,Aquarium
ipdb-flipper-kit-italiani-non-identificati,Lido,,,,,,,,(looks like a kit for a Gottlieb'”Subway” – maybe from Dama – art by Cortez?),Lido,new-maker,lido-2,low,,,1439,low,Bally Manufacturing Corporation (1931-1983) [Trade Name: Bally],,yes,exists,"Catalog lido-2 = ipdb 5135 (Unknown Manufacturer; wedgehead backbox, six score reels, no maker name on glass) — consistent with an Italian add-a-ball kit on a Gottlieb wedgehead as tilt.it describes. Not certain: verify against IPDB 5135 images before asserting the link. Parser paired lido-2 with the wrong ipdb (1439 = Bally Lido).",lido-2,,,,
ipdb-flipper-kit-italiani-non-identificati,Neptune,,,,,,,,,Neptune,new-maker,neptune-2,low,giuliano-lodola,1979,5177,med,"Giuliano Lodola, of Avenza, Massa-Carrera, Toscana, Italy (1978-1981)",GRoWo-MDllp,yes,exists,"Catalog neptune-2 = ipdb 5177, Giuliano Lodola, 1979. The '(collezione Massimiliano Vitasevic)' caption is provenance, not product data.",neptune-2,,,,
ipdb-flipper-kit-italiani-non-identificati,El Viti,,,,,,,,(kit for Gottlieb’s Harmony/Troubadour),El Viti,new-maker,el-viti,low,,,5029,low,Unknown Manufacturer,,yes,exists,"Catalog el-viti = ipdb 5029 (Unknown Manufacturer). Note IPDB describes Spanish-language art (TOROS, matador poster) — origin may be Spanish rather than Italian; keep maker-less.",el-viti,,,,
ipdb-flipper-kit-italiani-non-identificati,Tex-Op,,,,,,,,(kit for Gottlieb’s Harmony/Troubadour),Tex-Op,new-maker,tex-op,low,,,5166,low,Unknown Manufacturer,,yes,exists,"Catalog tex-op = ipdb 5166 (Unknown Manufacturer). DONOR CONFLICT: tilt.it says '(kit for Gottlieb's Harmony/Troubadour)' but IPDB says it is a version of Gottlieb's 1973 'Ten-Up' (ipdb 2521) with the bowling-alley scene. IPDB's account is the more detailed; record both, prefer IPDB.",tex-op,,,,
ipdb-flipper-kit-italiani-non-identificati,Sky Devil’s,,,,,,,,,Sky Devil’s,new-maker,sky-devils,low,,,5160,low,Unknown Manufacturer,,yes,exists,Catalog sky-devils = ipdb 5160 (Unknown Manufacturer).,sky-devils,,,,
ipdb-flipper-kit-italiani-non-identificati,Fifteen Goals,,,,,,,,"(strange name for an italian game, too hard to remember for italian operators not speaking english – maybe, it’s not an italian kit?)",Fifteen Goals,new-maker,,,,,,,,,,create,"Nameable, photographed, no catalog/IPDB match. tilt.it doubts only the ITALIAN ORIGIN, not that the product exists — quote the hedge in the note and let the campaign owner decide whether an origin-doubted entry belongs in an Italian-makers patch. (Spanish INDER made an unrelated 'Fifteen', ipdb 4409, 1974.)",,"{""name"": ""Fifteen Goals"", ""year"": null, ""technology"": null, ""kit"": ""probable"", ""lineage"": ""donor not stated"", ""brand"": ""none""}",donor not stated,,Fifteen Goals
ipdb-flipper-kit-italiani-non-identificati,Card Trix,,,,,,,,"(this is not the RMG version, there are some little differences)",Card Trix,new-maker,card-trix-2,low,d-gottlieb-company,1970,446,low,D. Gottlieb & Company (1931-1977) [Trade Name: Gottlieb],GRWZN-MDv6X,yes,create,"tilt.it distinguishes this from the RMG copy (the rmg worksheet page has its own Card Trix row), and the old master list distinguishes it from genuine Gottlieb by the position of the Italian no-replay text. So it is a third, unattributed variant — a new model.",,"{""name"": ""Card Trix"", ""year"": null, ""technology"": ""em"", ""kit"": ""probable (copy/kit of the Gottlieb game)"", ""lineage"": ""based on Gottlieb 'Card Trix' (ipdb 446, 1970); explicitly NOT the RMG version and not the Gottlieb Italian export (ipdb 3748, catalog card-trix-2)"", ""brand"": ""none""}","based on Gottlieb 'Card Trix' (ipdb 446, 1970); explicitly NOT the RMG version and not the Gottlieb Italian export (ipdb 3748, catalog card-trix-2)",,Card Trix
ipdb-flipper-kit-italiani-non-identificati,Happening,,ver.1,,,,,,(1970 – first work by Mike),Happening (ver.1),new-maker,,,,,,,,,,create,Create ONE model 'Happening' covering both ver.1 and ver.2 — tilt.it itself says ver.2 is probably the same kit adapted to a different donor machine (see line 206). Record the two glass variants in the model note.,,"{""name"": ""Happening"", ""year"": 1970, ""year_uncertain"": false, ""technology"": ""em (implied)"", ""kit"": true, ""lineage"": ""donor not stated; art by 'Mike' (his first work per tilt.it)"", ""brand"": ""none""}",donor not stated; art by 'Mike' (his first work per tilt.it),,Happening (ver.1)
ipdb-flipper-kit-italiani-non-identificati,Happening,,ver.2,,,,,,,Happening (ver.2),new-maker,,,,,,,,,,defer,"Merge into the single 'Happening' model (line 205). tilt.it's own hedge says it is probably not a distinct product, just the same kit for a different donor pinball; document the variant differences in the Happening note instead.",,,,,
ipdb-flipper-kit-italiani-non-identificati,Full,,,,,,,,(grafica di Mike – forse lo stesso produttore del modello “Happening”),Full,new-maker,full-2,low,recreativos-franco,1977,4375,low,"Interflip S. A., of Spain",Gj6Dj-MOE0d,yes,create,"Distinct from the Spanish 'Full' pair (Interflip ipdb 4375 = catalog full; Recreativos Franco ipdb 4707 = catalog full-2) — parser matched full-2, wrong. No IPDB entry for the Italian one.",,"{""name"": ""Full"", ""year"": null, ""technology"": null, ""kit"": ""unknown"", ""lineage"": ""donor not stated; art by 'Mike', possibly same (unidentified) producer as 'Happening'"", ""brand"": ""none""}","donor not stated; art by 'Mike', possibly same (unidentified) producer as 'Happening'",,Full
ipdb-flipper-kit-italiani-non-identificati,Dig a Star,,,,,,,,(forse DAMA? forse grafica di Cortez?),Dig a Star,new-maker,dig-a-star,low,talleres-del-llobregat-sa-automaticos,1966,4422,low,"Talleres del Llobregat S.A. [Automaticos], of Barcelona, Spain [Trade Name: Automaticos]",,yes,create,"Parser matched the Spanish Automaticos 'Dig-A-Star' (ipdb 4422, 1966, catalog dig-a-star) — plausibly a different game, but the identity risk is real (tilt.it sourced its photo from eBay.it and only guesses at Dama). Before creating, compare tilt.it's photo with IPDB 4422 images; if identical, this row becomes exists(dig-a-star).",,"{""name"": ""Dig a Star"", ""year"": null, ""technology"": null, ""kit"": ""unknown"", ""lineage"": ""donor not stated; tilt.it floats Dama and Cortez as guesses"", ""brand"": ""none""}",donor not stated; tilt.it floats Dama and Cortez as guesses,,Dig a Star
ipdb-flipper-kit-italiani-non-identificati,The Royal,,,,,,,,,The Royal,new-maker,the-royal,low,,,6422,low,Unknown Manufacturer,,yes,exists,Catalog the-royal = ipdb 6422 (Unknown Manufacturer).,the-royal,,,,
ipdb-flipper-kit-italiani-non-identificati,Jolly Roger,,,,,,,,(kit for the Gottlieb’s “Harmony”/”Troubadour”),Jolly Roger,new-maker,jolly-roger-2,low,creative-products,,1314,low,"Williams Electronics, Incorporated (1967-1985) [Trade Name: Williams]",G4djP-MLnz0,yes,create,"Distinct from catalog jolly-roger (Williams, ipdb 1314) and jolly-roger-2 (Creative Products, ipdb 5862) — parser matched jolly-roger-2, wrong. No IPDB entry for the Italian kit.",,"{""name"": ""Jolly Roger"", ""year"": null, ""technology"": ""em (implied by donor)"", ""kit"": true, ""lineage"": ""kit for Gottlieb 'Harmony' (ipdb 1127, 1967) / 'Troubadour' (ipdb 2666, 1967)"", ""brand"": ""none""}","kit for Gottlieb 'Harmony' (ipdb 1127, 1967) / 'Troubadour' (ipdb 2666, 1967)",,Jolly Roger
ipdb-flipper-kit-italiani-non-identificati,Grand Slam,,,,,,,,(forse kit RMG per Ice Show Gottlieb),Grand Slam,new-maker,grand-slam-10,low,,,1074,low,D. Gottlieb & Company (1931-1977) [Trade Name: Gottlieb],G4PL3-MLeBP,yes,exists,"Catalog grand-slam-10 = ipdb 6996 (Unknown Manufacturer), the Gottlieb 'Ice Show (Italy)' conversion. Parser's displayed maker (Gottlieb 1953, ipdb 1074) was a red herring; the slug match itself is right. ATTRIBUTION TANGLE: this page guesses RMG; the rmg AND dama worksheet pages both list a Grand Slam (Ice Show); IPDB reports the silkscreening was by LORI (Lorenzo Rimondini). Keep the model maker-less and record all three leads; make sure rmg/dama page adjudicators do not create duplicates.",grand-slam-10,,,,
ipdb-flipper-kit-italiani-non-identificati,Countdown,,,,,,,,,Countdown,new-maker,,,,,,,,,,defer,Duplicate of an attributed listing: tilt.it's LORI page lists 'Count-down' among LORI's games (lori worksheet page has the row). Additionally the pasini page lists a separate 'Count Down' — the lori/pasini adjudicators must decide whether one or two products exist; creating a third maker-less 'Countdown' from this photo-only entry would only add noise.,,,,,
ipdb-flipper-kit-italiani-non-identificati,El Tigre,,,,,,,,(kit with ss scoring for em machines),El Tigre,new-maker,el-tigre,low,,1977,5297,low,Unknown Manufacturer,,yes,exists,"Catalog el-tigre = ipdb 5297 (Unknown Manufacturer, 1977). Extra lead for the playmec adjudicator: tilt.it's master list puts 'El Tigre' in the PLAYMEC section (1976?), and the playmec worksheet page claims it — while IPDB says the glass reads 'Manufactured by El Tigre and Co.'. Keep one model; attribution decision belongs with the playmec page row.",el-tigre,,,,
ipdb-flipper-kit-italiani-non-identificati,The Circus Tiger,,,,,,,,,The Circus Tiger,new-maker,the-circus-tiger,low,,,5215,low,Unknown Manufacturer,,yes,exists,Catalog the-circus-tiger = ipdb 5215 (Unknown Manufacturer).,the-circus-tiger,,,,
ipdb-flipper-kit-italiani-non-identificati,New City,,,,,,,,(kit from the early seventies for Williams’ games “Hot Line” and “Big Strike”. One of the most sexually evocating graphics of them all!)(art by Cortez?),New City,new-maker,new-city-2,low,procedimientos-electromagneticos-de-tanteo-y-color,1966,4401,med,"Dama S.R.L., of Milan, Italy (1970)",,yes,exists,"Catalog new-city = ipdb 4401, Dama S.R.L., 1970. Also on the dama worksheet page ('New City | Big Strike') — that attributed row is the primary; this row corroborates. Parser guessed new-city-2 (Spanish Petaco, ipdb 6225) — wrong.",new-city,,,,
ipdb-flipper-kit-italiani-non-identificati,"Vetro testata piu’ alto del precedente, probabilmente per flipper Williams dal vetro testata di misura differente",,,,,,,,,"Vetro testata piu’ alto del precedente, probabilmente per flipper Williams dal vetro testata di misura differente",new-maker,,,,,,,,,yes,noise,"Commentary line describing a second, taller backglass variant of the preceding New City kit — not a product. Record as a variant note on new-city.",,,,,
ipdb-flipper-kit-italiani-non-identificati,Mini Flipper,,,,,,,,"(from eBay.it – not a pinball backglass, but taken from some pinball videogame with score displays. Maybe from Spain.)",Mini Flipper,new-maker,mini-flipper,low,rumatic,,5368,low,"Rumatic, of Spain",,yes,exists,"Catalog mini-flipper = ipdb 5368, Rumatic of Spain. tilt.it itself says the image is not a pinball backglass and maybe Spanish — recommend the campaign make NO new claims from this row.",mini-flipper,,,,
ipdb-flipper-kit-italiani-non-identificati,Cosmos,,,,,,,,(art by “Mr Maze”?),Cosmos,new-maker,cosmos-2,low,renov-automatic-jolux,1969,572,low,Bally Manufacturing Corporation (1931-1983) [Trade Name: Bally],G5p2Y-MDqKz,yes,exists,"Catalog cosmos-3 = ipdb 5191 (Unknown Manufacturer, no notes) is the only unknown-maker Cosmos and plausibly this game, but IPDB 5191 carries no description to confirm. Verify against IPDB images before asserting the link; do not confuse with catalog cosmos (Bally, ipdb 572) or cosmos-2 (French Renov' Automatic, ipdb 5079). Parser guessed cosmos-2 — wrong.",cosmos-3,,,,
ipdb-flipper-kit-italiani-non-identificati,Bowling,,,,,,,,(kit for Gottlieb’s “Harmony”/”Troubadour”),Bowling,new-maker,bowling-2,low,fabrica-de-aparatos-electro-mecanicos-recreativos-sl-ofmadrid,,5380,low,Unknown Manufacturer,,yes,exists,"Catalog bowling = ipdb 5380 (Unknown Manufacturer, reportedly made in Italy, Gottlieb parts). Parser guessed bowling-2 (Spanish FAEMR, ipdb 6231) — wrong.",bowling,,,,
ipdb-flipper-kit-italiani-non-identificati,Big Sakem,,,,,,,,,Big Sakem,new-maker,big-sakem,low,ripepi,1974,5622,med,"Ripepi, of Messina, Italy",,yes,exists,"Catalog big-sakem = ipdb 5622, attributed by IPDB to Ripepi (Messina), 1974. ATTRIBUTION CONFLICT to record: tilt.it's master list credits Big Sakem to NORDAMATIC (Verona) — '1974 Big Sakem (Nordmatic - presentato alla 3a Enada)' — and the nordamatic worksheet page claims it; the playmec page separately lists 'Big Sakem (rigenerato)' 1973-74, i.e. refurbished by Playmec, not made. IPDB (Ripepi) vs tilt.it (Nordamatic) disagree on the maker; do not silently trust the current catalog attribution.",big-sakem,,,,
italiana-biliardi,Pin football,,,1976,,,,,,Pin football,new-maker,,,,,,,,,,create,,,"{""name"": ""Pin football"", ""year"": 1976, ""year_uncertain"": false, ""technology"": null, ""players"": null, ""production_month"": null, ""game_format"": ""pinball"", ""game_format_note"": ""No evidence it is anything but a (football-themed) flipper pinball; the cached page snapshot has no photos to check. The page lists '1976 | Pin football' twice — page furniture duplication, one machine only."", ""kit"": false, ""lineage"": null}",,,Pin football
lori,Top Hand,,“Serigrafia Lori”,,,,,,,Top Hand (“Serigrafia Lori”),exists,top-hand-4,high,lori,,4990,high,"LORI, of Bologna, Italy",G4EeX-MLzRl,,exists,parser high-confidence match,top-hand-4,,,,
lori,Jungle Life,,,,,,,,,Jungle Life,new-model-existing-maker,jungle-life-2,low,,,1337,low,D. Gottlieb & Company (1931-1977) [Trade Name: Gottlieb],G5B0y-MZeOe,yes,create,,,"{""name"": ""Jungle Life"", ""year"": null, ""year_uncertain"": true, ""technology"": ""em"", ""technology_uncertain"": true, ""players"": 1, ""players_uncertain"": true, ""month"": null, ""game_format"": ""pinball"", ""kit"": false, ""lineage"": ""Copy of Gottlieb's 1972 'Jungle Life' (ipdb 1337), fitting LORI's documented pattern of Gottlieb copies. Maker: LORI (catalog CE lori).""}","Copy of Gottlieb's 1972 'Jungle Life' (ipdb 1337), fitting LORI's documented pattern of Gottlieb copies. Maker: LORI (catalog CE lori).",,Jungle Life
lori,Count-Down,,,,,,,,,Count-Down,new-model-existing-maker,count-down-2,low,novamatic-spa,1970,4118,med,"Novamatic S.p.A., of Milan, Italy (1970)",G56zB-MLv9k,yes,create,,,"{""name"": ""Count-Down"", ""year"": null, ""year_uncertain"": true, ""technology"": ""em"", ""technology_uncertain"": true, ""players"": 1, ""players_uncertain"": true, ""month"": null, ""game_format"": ""pinball"", ""kit"": false, ""lineage"": ""Unknown original; shares its name with Novamatic's 1970 'Count Down' (ipdb 4118, catalog count-down-2) and with a Count Down on the Pasini page - relationship between the Italian Count Downs unresolved. Maker: LORI.""}","Unknown original; shares its name with Novamatic's 1970 'Count Down' (ipdb 4118, catalog count-down-2) and with a Count Down on the Pasini page - relationship between the Italian Count Downs unresolved. Maker: LORI.",,Count-Down
lori,KO,,,,,,,,,KO,new-model-existing-maker,,,,,,,,,,create,,,"{""name"": ""KO"", ""year"": null, ""year_uncertain"": true, ""technology"": ""em"", ""technology_uncertain"": true, ""players"": 1, ""players_uncertain"": true, ""month"": null, ""game_format"": ""pinball"", ""kit"": false, ""lineage"": ""Unknown; tilt gives only the name. Possibly related to a Knockout-family original (cf. Bensa's 1974 'KnoKOut', ipdb 5270), unverified. Maker: LORI.""}","Unknown; tilt gives only the name. Possibly related to a Knockout-family original (cf. Bensa's 1974 'KnoKOut', ipdb 5270), unverified. Maker: LORI.",,KO
lori,Space Orbit,,,,,,,,,Space Orbit,new-model-existing-maker,space-orbit-2,low,skillgame-dba-renato-montanari-giochi,1972,4783,med,"Skillgame d.b.a. Renato Montanari Giochi, of Bologna, Italy [Trade Name: R.M.G.]",G43WO-M1rdV,yes,create,,,"{""name"": ""Space Orbit"", ""year"": null, ""year_uncertain"": true, ""technology"": ""em"", ""technology_uncertain"": true, ""players"": 1, ""players_uncertain"": true, ""month"": null, ""game_format"": ""pinball"", ""kit"": false, ""lineage"": ""Copy of Gottlieb's 1972 'Space Orbit' (ipdb 2255). Catalog precedent for per-maker copies of this title: space-orbit-2 (Skillgame d.b.a. RMG, 4783) and space-orbit-3 (RMG, 5458). Maker: LORI.""}","Copy of Gottlieb's 1972 'Space Orbit' (ipdb 2255). Catalog precedent for per-maker copies of this title: space-orbit-2 (Skillgame d.b.a. RMG, 4783) and space-orbit-3 (RMG, 5458). Maker: LORI.",,Space Orbit
lori,Play Pool,,,,,,,,,Play Pool,exists,play-pool-2,high,lori,,5030,high,"LORI, of Bologna, Italy",G5n1Q-MXrnx,,exists,parser high-confidence match,play-pool-2,,,,
mambelli,Buck Rogers,,,,,,,,,Buck Rogers,exists,buck-rogers,high,l-v-mambelli,,4999,high,"L & V Mambelli, of Cesena, Italy [Trade Name: Mambelli]",GRw8o-MDxjq,,exists,parser high-confidence match,buck-rogers,,,,
mambelli,Gorgar,,kit for Jungle Life,,,,,,,Gorgar (kit for Jungle Life),new-model-existing-maker,gorgar,low,williams-electronics-incorporated,1979,1062,low,"Williams Electronics, Incorporated (1967-1985) [Trade Name: Williams]",G5zd6-MJVo4,yes,create,,,"{""name"": ""Gorgar"", ""year"": null, ""year_uncertain"": true, ""year_note"": ""after Williams' Gorgar (Dec 1979); Mambelli's KISS kit era, c. 1980"", ""technology"": ""em"", ""technology_uncertain"": true, ""players"": 1, ""players_uncertain"": true, ""month"": null, ""game_format"": ""pinball"", ""kit"": true, ""lineage"": ""Conversion kit for (Gottlieb's 1972) 'Jungle Life', with art after Williams' 1979 'Gorgar' (ipdb 1062). Exactly the L & V Mambelli pattern IPDB documents for its two known machines: Buck Rogers 4999 ('a conversion kit for Gottlieb's 1975 Tiger' with Gottlieb Buck Rogers art) and KISS 5002 ('a conversion of Gottlieb's 1972 Space Orbit' with Bally KISS-style art) - tilt's same page lists 'Kiss (kit for Space Orbit)'. Maker: L & V Mambelli, Cesena (catalog CE l-v-mambelli).""}","Conversion kit for (Gottlieb's 1972) 'Jungle Life', with art after Williams' 1979 'Gorgar' (ipdb 1062). Exactly the L & V Mambelli pattern IPDB documents for its two known machines: Buck Rogers 4999 ('a conversion kit for Gottlieb's 1975 Tiger' with Gottlieb Buck Rogers art) and KISS 5002 ('a conversion of Gottlieb's 1972 Space Orbit' with Bally KISS-style art) - tilt's same page lists 'Kiss (kit for Space Orbit)'. Maker: L & V Mambelli, Cesena (catalog CE l-v-mambelli).",,Gorgar (kit for Jungle Life)
mambelli,Kiss,,kit for Space Orbit,,,,,,(immagini dalla collezione di Red Ronnie),Kiss (kit for Space Orbit),exists,kiss-2,high,l-v-mambelli,,5002,high,"L & V Mambelli, of Cesena, Italy [Trade Name: Mambelli]",G4jXr-MQ6kz,,exists,parser high-confidence match,kiss-2,,,,
manilamatic,Lucky Man,,,1976,,,,,,Lucky Man,new-model-existing-maker,lucky-man,low,nordamatic,1976,3713,med,"Nordamatic, of Verona, Italy (1975-1979)",G5wLN-MJ2YO,yes,exists,"Catalog 'lucky-man' (nordamatic, ipdb 3713, opdb G5wLN-MJ2YO, EM, 2p, 1976). tilt lists 'Lucky Man' under BOTH Manilamatic ('1976 Lucky Man' — the only dated entry on the page) and Nordamatic (itmade.htm: '1976 … Lucky Man - em - 2p' under NORDAMATIC). Same name + same year + same country strongly suggests one machine with conflicting attribution, not two machines. Recommend NOT creating a Manilamatic duplicate; if anything, record the attribution conflict.",lucky-man,,,,
manilamatic,???,,,1976,,,,,flipper elettronico presentato ultimo giorno Enada III | designer Tito Bresca,??? – flipper elettronico presentato ultimo giorno Enada III – designer Tito Bresca,new-model-existing-maker,,,,,,,,,,defer,"Nameless machine — cannot create. Facts worth keeping for later: solid-state ('flipper elettronico'), presented on the last day of Enada III, designer Tito Bresca. NOTE a year problem: itmade.htm elsewhere dates Enada III to 1974 (Europlay 'Tic & Toc … oct. 1974 … presentato Enada III'; Nordamatic '1974 Big Sakem … presentato alla 3a Enada'), which conflicts with this page's 1976 header and would make an Italian solid-state machine implausibly early — one more reason to defer.",,,,,
manilamatic,Out Law,,copia del Gottlieb’s “Tag Team”,1976,,,,,,Out Law (copia del Gottlieb’s “Tag Team”),exists,out-law,high,mm-computer-games,1986,4425,high,"MM Computer Games, of Roma, Italy [Trade Name: ManilaMatic]",G41N8-MNEEk,,exists,parser high-confidence match,out-law,,,,
manilamatic,Defender,,copia del Gottlieb’s “Arena”,1976,,,,,,Defender (copia del Gottlieb’s “Arena”),exists,defender,high,mm-computer-games,1987,4428,high,"MM Computer Games, of Roma, Italy [Trade Name: ManilaMatic]",G5p7D-MJNVo,,exists,parser high-confidence match,defender,,,,
manilamatic,Joker,,copia del Gottlieb’s “Monte Carlo”,1976,,,,,,Joker (copia del Gottlieb’s “Monte Carlo”),new-model-existing-maker,joker-2,low,playmatic,1974,1304,low,D. Gottlieb & Company (1931-1977) [Trade Name: Gottlieb],G5vjP-M1rWj,yes,create,,,"{""name"": ""Joker"", ""maker_ce"": ""mm-computer-games (recommended over 'manilamatic' — see note)"", ""year"": null, ""year_uncertain"": true, ""year_note"": ""~1987-88 inferred: the copied original is Premier/Gottlieb's Feb 1987 'Monte Carlo', and ManilaMatic's sibling copies (Out Law=Tag-Team 1986, Defender=Arena 1987, Top Sound 1988) bracket it. The worksheet's 1976 is a parser artifact of the page's lone '1976' header (which belongs to Lucky Man)."", ""technology"": ""ss"", ""players"": null, ""players_note"": ""all six IPDB 'MM Computer Games' machines are 4p — plausible, not stated"", ""month"": null, ""game_format"": null, ""kit"": null, ""kit_note"": ""sibling ManilaMatic titles are full machines in IPDB; a backglass-copy/kit reading also circulates — leave open"", ""lineage"": ""Copy of Premier Technology (Gottlieb) 1987 'Monte Carlo' (ipdb 1622; catalog monte-carlo-gottlieb) — per the page: 'copia del Gottlieb’s “Monte Carlo”'. The 1987 SS Monte Carlo, not Bally's 1973 EM, is the right original given ManilaMatic's mid-80s Gottlieb-copy pattern.""}","Copy of Premier Technology (Gottlieb) 1987 'Monte Carlo' (ipdb 1622; catalog monte-carlo-gottlieb) — per the page: 'copia del Gottlieb’s “Monte Carlo”'. The 1987 SS Monte Carlo, not Bally's 1973 EM, is the right original given ManilaMatic's mid-80s Gottlieb-copy pattern.",,"Joker (copia del Gottlieb's ""Monte Carlo"")"
manilamatic,Pool Rabbit,,,1976,,,,,,Pool Rabbit,new-model-existing-maker,,,,,,,,,,create,,,"{""name"": ""Pool Rabbit"", ""maker_ce"": ""mm-computer-games (backglass is branded 'MM Computer Games' per VPForums)"", ""year"": null, ""year_uncertain"": true, ""year_note"": ""VPForums members say 1985; the Roger Rabbit-inspired backglass argues 1988+ (film released 1988); ManilaMatic's IPDB span is 1986-1988. Leave year unset or ~1988 uncertain."", ""technology"": ""ss"", ""technology_basis"": ""VPForums: 'The fluorescent display smacks a bit of later Gottlieb boards'"", ""players"": null, ""month"": null, ""game_format"": null, ""kit"": null, ""lineage"": null, ""lineage_note"": ""VPForums (hedged): 'the playfield is possibly a flipped “Eight Ball” layout' — do not assert""}",,,Pool Rabbit
manilamatic,Top Sound,,,1976,,,,,,Top Sound,exists,top-sound,high,mm-computer-games,1988,4431,high,"MM Computer Games, of Roma, Italy [Trade Name: ManilaMatic]",,,exists,parser high-confidence match,top-sound,,,,
md,Las Vegas,,,,,,,,,Las Vegas,new-model-existing-maker,las-vegas-2,low,mattel-electronics-company,1977,4068,med,"Dama S.R.L., of Milan, Italy (1970)",G4Jzo-MQ7jl,yes,exists,"Same machine as catalog 'Las Vegas' (dama-srl, 1970, ipdb 4068). The MD page describes Las Vegas as 'A conversion kit for Gottlieb's ""Electra Pool"". It consisted of a new backglass, and a self-adhesive sheet to be applied on the original playfield.' - IPDB 4068's Notes say, verbatim, 'A conversion kit for Gottlieb's 1965 Electra-Pool.' Identical machine.",las-vegas-3,,,,
md,"A conversion kit for Gottlieb’s “Electra Pool”. It consisted of a new backglass, and a self-adhesive sheet to be applied on the original playfield.",,,,,,,,,"A conversion kit for Gottlieb’s “Electra Pool”. It consisted of a new backglass, and a self-adhesive sheet to be applied on the original playfield.",new-model-existing-maker,,,,,,,,,yes,noise,"Descriptive prose for the Las Vegas line above it on the page, parsed as if it were a machine line. Keep as the verbatim quote for the Las Vegas row instead.",,,,,
model-racing,UFO,,video flipper,,,,,,,UFO (video flipper),exists,ufo,high,model-racing,,5314,high,"Model Racing, of Montemarciano - Ancona, Italy",,,exists,parser high-confidence match,ufo,,,,
model-racing,Satellite TV,,UFO re-run,,,,,,,Satellite TV (UFO re-run),new-model-existing-maker,,,,,,,,,,create,,,"{""name"": ""Satellite TV"", ""year"": null, ""year_uncertain"": true, ""technology"": ""ss"", ""technology_uncertain"": true, ""technology_note"": ""the base game UFO is a 'video flipper' (IPDB 5314 lists it SS)"", ""players"": null, ""players_uncertain"": true, ""month"": null, ""game_format"": ""pinball"", ""kit"": false, ""lineage"": ""Re-run/re-release of Model Racing's own 'UFO' video flipper (catalog ufo, model-racing, ipdb 5314) - confirmed: catalog holds UFO under model-racing. Maker: Model Racing, Montemarciano (Ancona).""}","Re-run/re-release of Model Racing's own 'UFO' video flipper (catalog ufo, model-racing, ipdb 5314) - confirmed: catalog holds UFO under model-racing. Maker: Model Racing, Montemarciano (Ancona).",,Satellite TV (UFO re-run)
mondial-matic,Sisters,,Royal Pair,1979,,em,1,,,Sisters (Royal Pair) – em – 1p,exists,sisters,high,mondialmatic,,4108,high,"Mondialmatic, of Florence, Italy (1979)",G5WPp-MLyZJ,,exists,parser high-confidence match,sisters,,,,
mondial-matic,Take a card,,Texas Ranger,1979,,em,1,,,Take a card (Texas Ranger) – em – 1p,exists,take-a-card,high,mondialmatic,,4109,high,"Mondialmatic, of Florence, Italy (1979)",GrEXx-MJ5Yv,,exists,parser high-confidence match,take-a-card,,,,
mondial-matic,Big Dryvers,,Space Orbit,1979,,em,1,,,Big Dryvers (Space Orbit) – em – 1p,exists,big-dryvers,high,mondialmatic,,4110,high,"Mondialmatic, of Florence, Italy (1979)",G43WO-MJYYV,,exists,parser high-confidence match,big-dryvers,,,,
mondial-matic,Cleopatra,,Play Pool,1979,,em,1,,,Cleopatra (Play Pool) – em – 1p,exists,cleopatra-play-pool,high,mondialmatic,,4111,high,"Mondialmatic, of Florence, Italy (1979)",G5n1Q-MQPRP,,exists,parser high-confidence match,cleopatra-play-pool,,,,
mondial-matic,Lovers,,Sky Divers,1979,,em,1,,,Lovers (Sky Divers) – em – 1p,exists,lovers,high,mondialmatic,,4112,high,"Mondialmatic, of Florence, Italy (1979)",G4xlK-MJp6z,,exists,parser high-confidence match,lovers,,,,
mondial-matic,Jolly Joker,,,1979,,,,,,Jolly Joker,exists,jolly-joker-3,high,mondialmatic,1979,4113,high,"Mondialmatic, of Florence, Italy (1979)",GrlEB-ML0Pz,,exists,parser high-confidence match,jolly-joker-3,,,,
mondial-matic,The Best Jump,,,1979,,,,,,The Best Jump,exists,the-best-jump,high,mondialmatic,1979,4114,high,"Mondialmatic, of Florence, Italy (1979)",G5pnl-MDWyn,,exists,parser high-confidence match,the-best-jump,,,,
mrgame,Dakar,,,1988,,,,,,Dakar,exists,dakar,high,mr-game,,3629,high,"Mr. Game, of Bologna, Italy (1988-1990)",GR02j-MLy1Z,,exists,parser high-confidence match,dakar,,,,
mrgame,Motor Show,,,1989,,,,,,Motor Show,exists,motor-show,high,mr-game,,3631,high,"Mr. Game, of Bologna, Italy (1988-1990)",GRb2y-MZezV,,exists,parser high-confidence match,motor-show,,,,
mrgame,Mac Attack,,game and flyer design by Toni Ramunni,1989,,,,,,Mac Attack (game and flyer design by Toni Ramunni),exists,mac-attack,high,mr-game,1989,3604,high,"Mr. Game, of Bologna, Italy (1988-1990)",GrJ07-MjB7X,,exists,parser high-confidence match,mac-attack,,,,
mrgame,World Cup ’90,,game and flyer design by Toni Ramunni,1990,,,,,,World Cup ’90 (game and flyer design by Toni Ramunni),exists,world-cup-90,high,mr-game,1990,3603,high,"Mr. Game, of Bologna, Italy (1988-1990)",G56Y8-MDlqK,,exists,parser high-confidence match,world-cup-90,,,,
mrgame,Fast Track,,"low cost version of “Motor Show” for export to USA: b/w monitor, no videogames",1990,,,,,,"Fast Track (low cost version of “Motor Show” for export to USA: b/w monitor, no videogames)",exists,fast-track-2,high,mr-game,,5217,high,"Mr. Game, of Bologna, Italy (1988-1990)",,,exists,parser high-confidence match,fast-track-2,,,,
nordamatic,Big Sakem,,Nordamatic – presentato alla 3a Enada,1974,,,,,,Big Sakem (Nordamatic – presentato alla 3a Enada),new-model-existing-maker,big-sakem,low,ripepi,1974,5622,med,"Ripepi, of Messina, Italy",,yes,exists,"Same game as catalog 'Big Sakem' (ripepi, 1974, ipdb 5622, EM 1P - 'a 1-player copy of Gottlieb's 1974 Big Indian' per IPDB). Only one Big Sakem known; the Nordamatic page dates it 1974, matching.",big-sakem,,,,
nordamatic,Champion,,,1975,,em,1,,,Champion – em – 1p,exists,champion-replay-model,high,nordamatic,1975,487,low,Chicago Coin Machine Manufacturing Company (1932-1977),G5v11-ML0Nk,yes,exists,"Catalog 'Champion' replay model (nordamatic, 1975, ipdb 3693 'Champion (Replay Model)', EM 1P). Correct IPDB id is 3693, not the worksheet's 487 (Chicago Coin's 1949 Champion). Note the add-a-ball sibling also exists in the catalog (champion-add-a-ball-model, ipdb 6808); tilt's line does not distinguish the two.",champion-replay-model,,,,
nordamatic,Foot Baller,,,1975,,,,,,Foot Baller,exists,foot-baller,high,nordamatic,,4975,high,"Nordamatic, of Verona, Italy (1975-1979)",,,exists,parser high-confidence match,foot-baller,,,,
nordamatic,Explorer,,,1976,,em,1,,,Explorer – em – 1p,exists,explorer-2,high,nordamatic,1976,4117,high,"Nordamatic, of Verona, Italy (1975-1979)",G5VPX-MQjXJ,,exists,parser high-confidence match,explorer-2,,,,
nordamatic,Monte Carlo,,,1976,,em,1,,,Monte Carlo – em – 1p,exists,monte-carlo-5,high,nordamatic,1976,3746,high,"Nordamatic, of Verona, Italy (1975-1979)",G5Wl0-MJoR7,,exists,parser high-confidence match,monte-carlo-5,,,,
nordamatic,Lucky Man,,,1976,,em,2,,,Lucky Man – em – 2p,exists,lucky-man,high,nordamatic,1976,3713,high,"Nordamatic, of Verona, Italy (1975-1979)",G5wLN-MJ2YO,,exists,parser high-confidence match,lucky-man,,,,
nordamatic,Card Castle,,,1977,,em,1,,,Card Castle – em – 1p,exists,card-castle,high,nordamatic,1977,3677,high,"Nordamatic, of Verona, Italy (1975-1979)",GRodq-M5RY1,,exists,parser high-confidence match,card-castle,,,,
nordamatic,Saturn,,,1977,,em,1,,,Saturn – em – 1p,exists,saturn,high,nordamatic,1977,3723,high,"Nordamatic, of Verona, Italy (1975-1979)",G41bD-MQK0k,,exists,parser high-confidence match,saturn,,,,
nordamatic,Atlantis,,,1978,,em,1,,,Atlantis – em – 1p,exists,atlantis-3,high,nordamatic,1978,3690,high,"Nordamatic, of Verona, Italy (1975-1979)",G48OE-MD0bk,,exists,parser high-confidence match,atlantis-3,,,,
nordamatic,Devil,,,1978,,em,1,,,Devil – em – 1p,exists,devil,high,nordamatic,1978,3702,high,"Nordamatic, of Verona, Italy (1975-1979)",GRbJN-Mz2yK,,exists,parser high-confidence match,devil,,,,
nordamatic,Discomania,,,1979,,em,1,,,Discomania – em – 1p,exists,discomania,high,nordamatic,1979,6704,high,"Nordamatic, of Verona, Italy (1975-1979)",,,exists,parser high-confidence match,discomania,,,,
nordamatic,Antares,,,1979,,ss,4,,,Antares – ss – 4p,exists,antares,high,nordamatic,1979,3689,high,"Nordamatic, of Verona, Italy (1975-1979)",GRVyP-MW9ON,,exists,parser high-confidence match,antares,,,,
pasini,Old Bend,,,,,,,,,Old Bend,new-model-existing-maker,,,,,,,,,,exists,"Best match: catalog 'Big Bend' (pasini, ipdb 4734, Pasini EM 1P) - the only Pasini '...Bend' machine known anywhere. Naming conflict: tilt says 'Old Bend' (fitting Pasini's Old Gold / Old Time series), IPDB says 'Big Bend'. Confidence medium; if they turn out distinct, this becomes a create.",big-bend,,,,
pasini,Old Gold,,,,,,,,,Old Gold,exists,old-gold,high,pasini,1970,5948,high,"Pasini, of Bologna, Italy",,,exists,parser high-confidence match,old-gold,,,,
pasini,Old Time,,,,,,,,,Old Time,new-model-existing-maker,,,,,,,,,,create,,,"{""name"": ""Old Time"", ""year"": null, ""year_uncertain"": true, ""year_note"": ""Pasini's dated game (Old Gold) is 1970; artist signature 'Lore 70'"", ""technology"": ""em"", ""technology_uncertain"": true, ""players"": 1, ""players_uncertain"": true, ""month"": null, ""game_format"": ""pinball"", ""kit"": false, ""lineage"": ""Part of Pasini's 'Old ...' series (Old Bend, Old Gold, Old Time). Per tilt page comments these Bologna machines were hand-built from recovered parts of old American models ('flipper non originali, cioe' creati con parti di recupero da vecchi modelli americani... costruito praticamente a mano'). Maker: Pasini (catalog CE pasini).""}","Part of Pasini's 'Old ...' series (Old Bend, Old Gold, Old Time). Per tilt page comments these Bologna machines were hand-built from recovered parts of old American models ('flipper non originali, cioe' creati con parti di recupero da vecchi modelli americani... costruito praticamente a mano'). Maker: Pasini (catalog CE pasini).",,Old Time
pasini,Count Down,,,,,,,,,Count Down,new-model-existing-maker,count-down-2,low,novamatic-spa,1970,4118,med,"Novamatic S.p.A., of Milan, Italy (1970)",G56zB-MLv9k,yes,create,,,"{""name"": ""Count Down"", ""year"": null, ""year_uncertain"": true, ""technology"": ""em"", ""technology_uncertain"": true, ""players"": 1, ""players_uncertain"": true, ""month"": null, ""game_format"": ""pinball"", ""kit"": false, ""lineage"": ""Unknown original; shares its name with Novamatic's 1970 'Count Down' (ipdb 4118, catalog count-down-2) and LORI's Count-Down - relationship unresolved. Maker: Pasini.""}","Unknown original; shares its name with Novamatic's 1970 'Count Down' (ipdb 4118, catalog count-down-2) and LORI's Count-Down - relationship unresolved. Maker: Pasini.",,Count Down
pasini,Bonnie ’70,,Bonnie & Clide ?,,,,,,,Bonnie ’70 (Bonnie & Clide ?),new-model-existing-maker,,,,,,,,,,defer,"Tilt itself hedges with the parenthetical question mark - it is unsure whether 'Bonnie '70' is a distinct machine or the same game as the 'Bonnie & Clide' listed on the same page. The ''70' suggests 1970. Defer until a backglass/photo distinguishes them; if same, it folds into the Bonnie & Clide create.",,,,,
pasini,Bonnie & Clide,,,,,,,,,Bonnie & Clide,new-model-existing-maker,,,,,,,,,,create,,,"{""name"": ""Bonnie & Clide"", ""name_note"": ""'Clide' spelling per source"", ""year"": 1970, ""year_uncertain"": true, ""year_note"": ""inferred from the sibling 'Bonnie '70' line"", ""technology"": ""em"", ""technology_uncertain"": true, ""players"": 1, ""players_uncertain"": true, ""month"": null, ""game_format"": ""pinball"", ""kit"": false, ""lineage"": ""Bonnie & Clyde film theme; no American original of this name found in IPDB. Maker: Pasini, hand-built from recovered American parts per tilt page comments.""}","Bonnie & Clyde film theme; no American original of this name found in IPDB. Maker: Pasini, hand-built from recovered American parts per tilt page comments.",,Bonnie & Clide
pc,Marte,,“Electra Pool”,,,,,,,Marte (“Electra Pool”),new-maker,marte,low,,,5942,low,Unknown Manufacturer,,yes,reassign,"Catalog already has the orphaned model marte (ipdb_id 5942, corporate_entity NULL, EM, 1p). IPDB 5942 in the dump: Title 'Marte', Manufacturer 'Unknown Manufacturer' — so IPDB does NOT contradict tilt.it, it simply doesn't know. tilt.it attributes Marte to P.C., and the backglass photo physically corroborates it: the no-replay legend reads 'SENZA RIPETIZIONI P.C. DELLA PARTITA' with P.C. set as a logo. Fix: CREATE maker P.C. and REASSIGN marte to it — do not create a duplicate model. (Live ipdb.org recheck of id 5942 was blocked, HTTP 403.)",marte,"{""name"": ""Marte"", ""year"": null, ""year_uncertain"": true, ""technology"": ""em"", ""players"": 1, ""game_format"": ""pinball"", ""kit"": false, ""lineage"": ""Copy/retheme of Gottlieb's 'Electra-Pool' (1965) — the tilt.it parenthetical '(“Electra Pool”)' names the American original; the Marte backglass keeps Electra-Pool's five rollover-letter rockets (M-A-R-T-E where the original spells the title)""}",Copy/retheme of Gottlieb's 'Electra-Pool' (1965) — the tilt.it parenthetical '(“Electra Pool”)' names the American original; the Marte backglass keeps Electra-Pool's five rollover-letter rockets (M-A-R-T-E where the original spells the title),None substantive: IPDB unknown vs tilt.it P.C.; tilt.it + backglass logo settle it. Flag for the corroboration ledger that the attribution rests on tilt.it and the photographed logo.,"Marte (""Electra Pool"")"
pinball-shop,Flesh and Blood,,“Pinball Champ”,,,,,,,Flesh and Blood (“Pinball Champ”),exists,flesh-and-blood,high,pinball-shop,,5157,high,"Pinball Shop, of Bologna, Italy",GrPdq-MnKwO,,exists,parser high-confidence match,flesh-and-blood,,,,
pinball-shop,Gremlins,,,,,,,,,Gremlins,exists,gremlins,high,pinball-shop,1988,4595,high,"Pinball Shop, of Bologna, Italy",,,exists,parser high-confidence match,gremlins,,,,
pinball-shop,Horror,,,,,,,,,Horror,exists,horror,high,pinball-shop,,5118,high,"Pinball Shop, of Bologna, Italy",G4jyz-M5REB,,exists,parser high-confidence match,horror,,,,
pinball-shop,Kit di modifica per lo “Space Shuttle” Zaccaria,,,,,,,,,Kit di modifica per lo “Space Shuttle” Zaccaria,new-model-existing-maker,,,,,,,,,,create,,,"{""name"": null, ""name_uncertain"": true, ""name_note"": ""tilt gives no product name - it is listed only as 'Kit di modifica per lo \""Space Shuttle\"" Zaccaria' (modification kit for Zaccaria's Space Shuttle); name the model descriptively or defer naming to review"", ""year"": null, ""year_uncertain"": true, ""year_note"": ""Pinball Shop's dated output is 1985-1988"", ""technology"": ""ss"", ""technology_uncertain"": true, ""players"": 4, ""players_uncertain"": true, ""month"": null, ""game_format"": ""pinball"", ""kit"": true, ""lineage"": ""Modification kit for Zaccaria's 1980 'Space Shuttle' (catalog space-shuttle, ipdb 3263, SS 4P). Maker: Pinball Shop, Pianoro (Bologna) - catalog CE pinball-shop, whose other entries (Flesh and Blood = 'Pinball Champ' conversion, Gremlins, Horror, Jungle Queen) are likewise conversions.""}","Modification kit for Zaccaria's 1980 'Space Shuttle' (catalog space-shuttle, ipdb 3263, SS 4P). Maker: Pinball Shop, Pianoro (Bologna) - catalog CE pinball-shop, whose other entries (Flesh and Blood = 'Pinball Champ' conversion, Gremlins, Horror, Jungle Queen) are likewise conversions.",,"Kit di modifica per lo ""Space Shuttle"" Zaccaria"
playmec,Big Sakem,,rigenerato,1973,range:1973-74,,,,,Big Sakem (rigenerato),new-model-existing-maker,big-sakem,low,ripepi,1974,5622,med,"Ripepi, of Messina, Italy",,yes,noise,"'rigenerato' = refurbished: Playmec refurbished/resold Ripepi's Big Sakem (catalog big-sakem, ipdb 5622); a reconditioned unit, not a distinct Playmec model. Record nothing beyond, at most, a distribution note on big-sakem.",,,,,
playmec,Speed Rush,,,1975,,em,1,,,Speed Rush – em – 1p,exists,speed-rush,high,playmec,1975,4125,high,"Playmec, of Bologna, Italy (1975)",G4qln-MDbq6,,exists,parser high-confidence match,speed-rush,,,,
playmec,El Tigre,,,1976,yes,,,,,El Tigre,new-model-existing-maker,el-tigre,low,,1977,5297,low,Unknown Manufacturer,,yes,exists,"Catalog 'El Tigre' (no CE, 1977, ipdb 5297, SS 1P) is this machine - IPDB: 'A 1-player SS version of Gottlieb's 1975 Tiger... an example of Gottlieb Made In Italy.' The row is a maker-attribution gap, not a missing model: tilt attributes it to Playmec (year '1976?', hedged).",el-tigre,,,,
playmec,Jackpot,,,1976,yes,,,,,Jackpot,new-model-existing-maker,jackpot-2,low,bigliardini-elettronici-milano,1976,4991,med,"Bigliardini Elettronici Milano, of Milano, Italy [Trade Name: BEM]",GR987-MJPEX,yes,exists,"Catalog 'Jackpot' (bigliardini-elettronici-milano, 1976, ipdb 4991, EM 1P; derived from the Williams Klondike/Jackpot/Gold Rush playfield per IPDB). Tilt lists Jackpot under Playmec ('1976?') and a page comment says 'il mio Jackpot assemblato da Playmec' - i.e. assembled by Playmec; IPDB/catalog credit BEM.",jackpot-2,,,,
playmec,15° Pool,,,1976,yes,,,,,15° Pool,exists,15pool,high,playmec,1976,5197,low,Unknown Manufacturer,GrqL6-MLy7l,yes,exists,"Catalog '15 Pool' (playmec, 1976, ipdb 5197 '15*Pool') - re-checked as requested; degree-sign naming variant. Year matches tilt's hedged '1976?'.",15pool,,,,
playmec,Corsair,,,1976,yes,,,,,Corsair,new-model-existing-maker,corsair,low,,,6873,low,Unknown Manufacturer,,yes,exists,"Best match: catalog 'Corsair' (no CE, ipdb 6873, EM 2P) - IPDB: 'It is a conversion of Gottlieb's 1957 Flag-Ship', which fits Playmec's build-from-old-American-parts MO. Distinct from Europlay's 'The Best Corsair' (the-best-corsair, ipdb 4921). Tilt attributes Playmec ('1976?') - candidate CE assignment. Confidence medium.",corsair,,,,
riflip,San Marco,,,1968,,,,,,San Marco,new-maker,,,,,,,,,,create,,,"{""name"": ""San Marco"", ""year"": 1968, ""year_uncertain"": false, ""technology"": ""em"", ""technology_note"": ""1968 full machine; the clipping shows a conventional EM cabinet — em is safe"", ""players"": null, ""production_month"": null, ""game_format"": ""pinball"", ""kit"": false, ""lineage"": ""Advertised as an entirely Italian original ('interamente italiano'); no American original named""}",Advertised as an entirely Italian original ('interamente italiano'); no American original named,,San Marco
ripepi,Time Out,,,1975,yes,,,,,Time Out,exists,time-out,high,ripepi,,4992,high,"Ripepi, of Messina, Italy",,,exists,parser high-confidence match,time-out,,,,
ripepi,Caravan Gold,,,1976,,,,,,Caravan Gold,exists,caravan-gold,high,ripepi,,5943,high,"Ripepi, of Messina, Italy",,,exists,parser high-confidence match,caravan-gold,,,,
ripepi,Gold Star,,,1976,,,,,,Gold Star,exists,gold-star-5,high,ditta-ripepi-spa,1976,4127,high,"Ditta Ripepi s.p.a., of Messina, Italy (1976)",GRKyL-MJpbw,,exists,parser high-confidence match,gold-star-5,,,,
rmg,Grand Slam,,,,,,,,(kit per Ice Show Gottlieb),Grand Slam,new-model-existing-maker,grand-slam-10,low,,,1074,low,D. Gottlieb & Company (1931-1977) [Trade Name: Gottlieb],G4PL3-MLeBP,yes,exists,"Catalog 'Grand Slam' (no CE, ipdb 6996) is this machine: tilt says '(kit per Ice Show Gottlieb)' and IPDB 6996's Notes say 'This is a conversion of Gottlieb's 1966 Ice Show (Italy)'. The row is an attribution gap, not a missing model.",grand-slam-10,,Conversion kit for Gottlieb's 1966 'Ice Show' (ipdb 4778 / Italian-market 1263 'Ice Show (Italy)').,,
rmg,The 30′ Years,,,,,,,,em – 1p (kit for Gottlieb’s “Elite Guard”),The 30′ Years,exists,the-30-years,high,renato-montanari-giochi,,5018,high,"Renato Montanari Giochi, of Bologna, Italy [Trade Name: R.M.G.]",,,exists,parser high-confidence match,the-30-years,,,,
rmg,Race Day,,,,,em,1,,(kit for Gottlieb “Solitaire”),Race Day – em – 1p (kit for Gottlieb “Solitaire”),exists,race-day,high,renato-montanari-giochi,,5365,high,"Renato Montanari Giochi, of Bologna, Italy [Trade Name: R.M.G.]",,,exists,parser high-confidence match,race-day,,,,
rmg,Poker Game,,,,,,,,,Poker Game,exists,poker-game,high,renato-montanari-giochi,,4596,high,"Renato Montanari Giochi, of Bologna, Italy [Trade Name: R.M.G.]",,,exists,parser high-confidence match,poker-game,,,,
rmg,Big Valley,,,,,em,4,,(copy of Bally “Big Valley”),Big Valley – em – 4p (copy of Bally “Big Valley”),exists,big-valley-2,high,renato-montanari-giochi,1970,4779,high,"Renato Montanari Giochi, of Bologna, Italy [Trade Name: R.M.G.]",Gr1lY-MJ55W,,exists,parser high-confidence match,big-valley-2,,,,
rmg,Jungle King,,,,,em,1,,(copy of Gottlieb “Jungle King”),Jungle King – em – 1p (copy of Gottlieb “Jungle King”),exists,jungle-king-2,high,renato-montanari-giochi,1973,4780,high,"Renato Montanari Giochi, of Bologna, Italy [Trade Name: R.M.G.]",G5B0y-MQ2K0,,exists,parser high-confidence match,jungle-king-2,,,,
rmg,Miss Theresine,,,,,em,1,,(copy of Gottlieb “Hi-Lo”),Miss Theresine – em – 1p (copy of Gottlieb “Hi-Lo”),exists,miss-theresine,high,renato-montanari-giochi,1970,4781,high,"Renato Montanari Giochi, of Bologna, Italy [Trade Name: R.M.G.]",,,exists,parser high-confidence match,miss-theresine,,,,
rmg,Only Star,,,,,em,1,,(copy of Gottlieb “Star Trek”),Only Star – em – 1p (copy of Gottlieb “Star Trek”),exists,only-star,high,renato-montanari-giochi,1971,4782,high,"Renato Montanari Giochi, of Bologna, Italy [Trade Name: R.M.G.]",,,exists,parser high-confidence match,only-star,,,,
rmg,Space Orbit,,,,,em,1,,(copy of Gottlieb “Space Orbit”),Space Orbit – em – 1p (copy of Gottlieb “Space Orbit”),exists,space-orbit-2,high,skillgame-dba-renato-montanari-giochi,1972,4783,high,"Skillgame d.b.a. Renato Montanari Giochi, of Bologna, Italy [Trade Name: R.M.G.]",G43WO-M1rdV,,exists,parser high-confidence match,space-orbit-2,,,,
rmg,Strike,,,,,em,1,,(1973)(copy of Gottlieb “Ten Up”) | (by “erremmegi”)(art: Mike) | (1973 – Enada II) Top Hand – em – 1p (copy of Gottlieb “Top Hand”) | (by “erremmegi”)(“app. modificato”),Strike – em – 1p (1973)(copy of Gottlieb “Ten Up”),exists,strike-4,high,renato-montanari-giochi,1973,4784,high,"Renato Montanari Giochi, of Bologna, Italy [Trade Name: R.M.G.]",GRpyl-MJNBo,,exists,parser high-confidence match,strike-4,,,,
rmg,Flying Carpet,,,,,em,1,,(1972) (copy of Gottlieb “Flying Carpet”),Flying Carpet – em – 1p (1972) (copy of Gottlieb “Flying Carpet”),exists,flying-carpet-2,high,renato-montanari-giochi,1972,4786,high,"Renato Montanari Giochi, of Bologna, Italy [Trade Name: R.M.G.]",GrNPZ-MJNd0,,exists,parser high-confidence match,flying-carpet-2,,,,
rmg,Card Trix,,,,,,,,,Card Trix,new-model-existing-maker,card-trix-2,low,d-gottlieb-company,1970,446,low,D. Gottlieb & Company (1931-1977) [Trade Name: Gottlieb],GRWZN-MDv6X,yes,create,,,"{""name"": ""Card Trix"", ""year"": null, ""year_uncertain"": true, ""year_note"": ""Gottlieb original is 1970; RMG active 1968-1974"", ""technology"": ""em"", ""players"": 1, ""players_uncertain"": true, ""month"": null, ""game_format"": ""pinball"", ""kit"": false, ""lineage"": ""Copy of Gottlieb's 1970 'Card Trix' (ipdb 446); per tilt's Italian-pinball index the RMG copy was 'very similar to the original from Gottlieb, apart for the position of the writing Senza ripetizione della partita'. Maker: Renato Montanari Giochi (R.M.G.), Bologna.""}","Copy of Gottlieb's 1970 'Card Trix' (ipdb 446); per tilt's Italian-pinball index the RMG copy was 'very similar to the original from Gottlieb, apart for the position of the writing Senza ripetizione della partita'. Maker: Renato Montanari Giochi (R.M.G.), Bologna.",,Card Trix
rmg,Galaxy,,,,,,,,,Galaxy,new-model-existing-maker,galaxy-2,low,bally-manufacturing-corporation,1978,979,low,"Sega Enterprises, Ltd., of Tokyo, Japan (1971-1979)",GrxJV-MDOXX,yes,exists,"Best match: catalog 'Galaxie' (skillgame-dba-renato-montanari-giochi, ipdb 4920, 'Galaxie' by Skillgame d.b.a. RMG, EM 1P). Tilt's RMG page 'Galaxy' is a one-letter naming variant of the same Renato Montanari operation's copy of Gottlieb's 1971 'Galaxie' (ipdb 978). NOT catalog galaxy-3 (ipdb 5405) - that is unproduced American backglass art by Lloyd Rognan per IPDB Notes.",galaxie-2,,,,
romagnoli,Play Girl,,,1979,,,,,,Play Girl,exists,play-girl,high,romagnoli,1979,4702,high,"Romagnoli, of Italy",,,exists,parser high-confidence match,play-girl,,,,
sidam,Rugby,,video-pinball,,,,,,,Rugby (video-pinball),new-maker,rugby,low,chicago-coin-machine-manufacturing-company,1936,3340,low,Chicago Coin Machine Manufacturing Company (1932-1977),,yes,create,,,"{""name"": ""Rugby"", ""year"": 1979, ""year_uncertain"": true, ""year_note"": ""tilt.it's flipper page gives no year. tilt.it's own coin-op-videogame section and RetroCampus both say 1979, consistent with it being a copy of Atari's 1979 'Video Pinball'; arcade-museum.com says 1976, which cannot be right for a clone of a 1979 game — record 1979 with the arcade-museum conflict noted."", ""technology"": ""ss"", ""technology_note"": ""video hardware; catalog precedent for video-pinball machines (new-york-defence, ufo) uses technology_generation solid-state"", ""players"": 2, ""players_note"": ""arcade-museum: '# Simultaneous Players 1 / # Maximum Players 2 / Game Play Alternating'"", ""production_month"": null, ""game_format"": ""video-game"", ""game_format_note"": ""Per the patch-0009/0010 convention (game-format.video-game). The tilt.it image is the operator-manual cover: 'RUGBY ... Manuale dell'operatore ... prodotto da Sidam Torino - Italy', showing an upright video arcade cabinet whose screen displays a simulated pinball playfield ('COIN 1 PLAYER', 'PUSH START', 'HIGH SCORE'). This is a video game in a video cabinet, not a pinball machine."", ""kit"": false, ""lineage"": ""Unauthorized copy of Atari's 'Video Pinball' (1979) with a rugby retheme — tilt.it/deb: 'Rugby | 1979 | Copy of Video Pinball (Atari)'; RetroCampus: 'Rugby | 1979 | Da Video Pinball (Atari)'""}",Unauthorized copy of Atari's 'Video Pinball' (1979) with a rugby retheme — tilt.it/deb: 'Rugby | 1979 | Copy of Video Pinball (Atari)'; RetroCampus: 'Rugby | 1979 | Da Video Pinball (Atari)',Year: arcade-museum.com says 1976; tilt.it/deb and RetroCampus say 1979 (copy of Atari's 1979 Video Pinball). Prefer 1979.,Rugby (video-pinball)
skill-game-the-best,Space Time,,,,,em,1,,,Space Time – em – 1p,new-model-existing-maker,space-time-2,low,bensa-sas,1973,4062,med,"Bensa s.a.s., of Milan, Italy (1973-1974)",GRvE1-MQ2P6,yes,exists,"Page is the 'GGB - Skill Game - The Best' brand page and lists machines without the 'The Best' prefix that IPDB/catalog names carry: this is catalog 'The Best Space Time' (skillgame-dba-renato-montanari-giochi, ipdb 6133). Distinct from Bensa's 'Space Time' (space-time-2, ipdb 4062) - the worksheet's guess - and from Bally's original (2262).",the-best-space-time,,,,
skill-game-the-best,The Best Corsair,,art: Mike,1976,,,,,,The Best Corsair (1976)(art: Mike),new-model-existing-maker,the-best-corsair,low,europlay,1976,4921,med,"Europlay, of Italy",G5L8W-MQ6Yp,yes,exists,"Catalog 'The Best Corsair' (europlay, 1976, ipdb 4921). Name, year and art credit match.",the-best-corsair,,,,
skill-game-the-best,The Best Card King,,,,,,,,,The Best Card King,new-model-existing-maker,,,,,,,,,,create,,,"{""name"": ""The Best Card King"", ""year"": null, ""year_uncertain"": true, ""technology"": ""em"", ""technology_uncertain"": true, ""players"": 1, ""players_uncertain"": true, ""month"": null, ""game_format"": ""pinball"", ""kit"": false, ""lineage"": ""'The Best'-branded version of Card King - a copy of Gottlieb's 1971 'Card King' (ipdb 445). Sibling catalog copies exist: RMG's card-king-2 (ipdb 5214) and Emmepi's card-king-3 (6423). Per IPDB 6836's Notes, Italian backglass printers added 'The Best' to glasses sold directly to operators, bypassing the manufacturer. Maker: Skillgame d.b.a. Renato Montanari Giochi (catalog CE skillgame-dba-renato-montanari-giochi), matching the catalog's other the-best-* entries.""}","'The Best'-branded version of Card King - a copy of Gottlieb's 1971 'Card King' (ipdb 445). Sibling catalog copies exist: RMG's card-king-2 (ipdb 5214) and Emmepi's card-king-3 (6423). Per IPDB 6836's Notes, Italian backglass printers added 'The Best' to glasses sold directly to operators, bypassing the manufacturer. Maker: Skillgame d.b.a. Renato Montanari Giochi (catalog CE skillgame-dba-renato-montanari-giochi), matching the catalog's other the-best-* entries.",,The Best Card King
skill-game-the-best,The Best Galaxie,,,,,em,1,,(by “skill game”)(art: Mister X),The Best Galaxie – em – 1p,new-model-existing-maker,the-best-galaxie,low,,,6836,low,Unknown Manufacturer,,yes,exists,"Catalog 'The Best Galaxie' (no CE, ipdb 6836, EM 1P). Tilt's '(by ""skill game"")(art: Mister X)' supports assigning CE skillgame-dba-renato-montanari-giochi. IPDB 6836 Notes explain the branding: printers 'were known to add the words ""The Best"" as part of the name' on glasses of 'Skilgame's Galaxie' sold directly to operators.",the-best-galaxie,,,,
skill-game-the-best,The Best Wizard,,,,,em,1,,(inspired from Gottlieb’s “Wizard”)(art: Mike) | (signed backglass from Federico Croci’s collection),The Best Wizard – em – 1p,exists,the-best-wizard,high,skillgame-dba-renato-montanari-giochi,1972,4919,high,"Skillgame d.b.a. Renato Montanari Giochi, of Bologna, Italy [Trade Name: R.M.G.]",,,exists,parser high-confidence match,the-best-wizard,,,,
tecnoplay,Devil King,,re-release of Zaccaria’s kit “Mystic Star”,1987,,ss,4,,,Devil King (re-release of Zaccaria’s kit “Mystic Star”) – ss – 4p,exists,devil-king,high,tecnoplay,1987,3703,high,"Tecnoplay, of San Marino, Italy (1987-1989)",G5QOw-MDOv0,,exists,parser high-confidence match,devil-king,,,,
tecnoplay,Scramble,,,1987,,ss,4,,,Scramble – ss – 4p,exists,scramble,high,tecnoplay,,3557,high,"Tecnoplay, of San Marino, Italy (1987-1989)",G5p8V-MD0op,,exists,parser high-confidence match,scramble,,,,
tecnoplay,X Force,,,1987,,ss,6,,,X Force – ss – 6p,exists,x-force,high,tecnoplay,,3539,high,"Tecnoplay, of San Marino, Italy (1987-1989)",GRzJ1-MkPEj,,exists,parser high-confidence match,x-force,,,,
tecnoplay,Space Team,,,1988,,ss,4,,,Space Team – ss – 4p,exists,space-team,high,tecnoplay,1988,3258,high,"Tecnoplay, of San Marino, Italy (1987-1989)",G4kyZ-MLR5r,,exists,parser high-confidence match,space-team,,,,
tecnoplay,Hi Ball,,,1988,,ss,4,,,Hi Ball – ss – 4p,exists,hi-ball-3,high,tecnoplay,1988,3709,high,"Tecnoplay, of San Marino, Italy (1987-1989)",GR7j6-MDxWl,,exists,parser high-confidence match,hi-ball-3,,,,
zaccaria,Granada,yes,,1973,yes,em,1,,,Granada(?) – 1p – em,exists,granada-2,high,zaccaria,,6139,high,"Zaccaria, of Bologna, Italy (1974-1987)",GPBdK-M0o99,,exists,parser high-confidence match,granada-2,,,,
zaccaria,Tropical,,,1973,yes,em,1,,,Tropical – 1p – em,exists,tropical,high,zaccaria,,5511,high,"Zaccaria, of Bologna, Italy (1974-1987)",,,exists,parser high-confidence match,tropical,,,,
zaccaria,Top Hand,,,1973,yes,em,1,,,Top Hand – 1p – em,exists,top-hand-5,high,zaccaria,,5288,high,"Zaccaria, of Bologna, Italy (1974-1987)",G4EeX-MLzRl,,exists,parser high-confidence match,top-hand-5,,,,
zaccaria,Jungle Life,,,1973,yes,em,1,,,Jungle Life – 1p – em,new-model-existing-maker,jungle-life-2,low,,,1337,low,D. Gottlieb & Company (1931-1977) [Trade Name: Gottlieb],G5B0y-MZeOe,yes,create,,,"{""name"": ""Jungle Life"", ""year"": 1973, ""year_uncertain"": true, ""year_note"": ""tilt hedges the whole section header: '(?) 1973:'"", ""technology"": ""em"", ""players"": 1, ""month"": null, ""game_format"": ""pinball"", ""kit"": false, ""lineage"": ""Copy of Gottlieb's 1972 'Jungle Life' (ipdb 1337), from Zaccaria's pre-brand era of modifying/copying US games. Maker: Zaccaria, Calderara di Reno (catalog CE zaccaria).""}","Copy of Gottlieb's 1972 'Jungle Life' (ipdb 1337), from Zaccaria's pre-brand era of modifying/copying US games. Maker: Zaccaria, Calderara di Reno (catalog CE zaccaria).",,Jungle Life – 1p – em
zaccaria,Cine Star,,,1974,yes,em,1,,,Cine Star – 1p – em,exists,cine-star,high,zaccaria,,5048,high,"Zaccaria, of Bologna, Italy (1974-1987)",,,exists,parser high-confidence match,cine-star,,,,
zaccaria,Strike,,,1974,yes,em,1,,,Strike – 1p – em,exists,strike,high,zaccaria,1978,3363,high,"Zaccaria, of Bologna, Italy (1974-1987)",GRpyl-MJNBo,,exists,parser high-confidence match,strike,,,,
zaccaria,Strike,,,1974,yes,em,1,,"(home model, no coin door – sound card)","Strike – 1p – em (home model, no coin door – sound card)",exists,strike,high,zaccaria,1978,3363,high,"Zaccaria, of Bologna, Italy (1974-1987)",GRpyl-MJNBo,,exists,parser high-confidence match,strike,,,,
zaccaria,Red Show,,,1975,,em,1,,,Red Show – 1p – em,exists,red-show,high,zaccaria,1975,3720,high,"Zaccaria, of Bologna, Italy (1974-1987)",GrP7X-ML05X,,exists,parser high-confidence match,red-show,,,,
zaccaria,Lucky Fruit,,,1975,,em,1,,,Lucky Fruit – 1p – em,exists,lucky-fruit,high,zaccaria,1975,1487,high,"Zaccaria, of Bologna, Italy (1974-1987)",G5n0W-MQP6n,,exists,parser high-confidence match,lucky-fruit,,,,
zaccaria,Ten Up,,,1975,,em,4,,,Ten Up – 4p – em,new-model-existing-maker,ten-up-2,low,,,2521,low,D. Gottlieb & Company (1931-1977) [Trade Name: Gottlieb],GR6DZ-MLOWE,yes,defer,"Existence is contested by the sources themselves. Tilt (Croci's own site) still lists 'Ten Up - 4p - em' under the hedged '(?) 1974:' header, IPDB records Croci saying it never existed, and zaccaria-pinball.com conversely claims 'la Zaccaria produsse il suo primo modello di flipper, il TEN UP modello elettromeccanico ad un solo giocatore' (1974) plus 'il TEN UP versione a 4 giocatori' in 1975. Note: catalog ten-up-2 already maps to phantom listing ipdb 3732 - flag it for cleanup review alongside this row.",,,,,
zaccaria,Woods Queen,,,1976,,em,1,,,Woods Queen – 1p – em,exists,woods-queen,high,zaccaria,1976,2806,high,"Zaccaria, of Bologna, Italy (1974-1987)",,,exists,parser high-confidence match,woods-queen,,,,
zaccaria,Woods Queen,,,1976,,em,2,,,Woods Queen – 2p – em,exists,woods-queen,high,zaccaria,1976,2806,high,"Zaccaria, of Bologna, Italy (1974-1987)",,,exists,parser high-confidence match,woods-queen,,,,
zaccaria,Woods Queen,,,1976,,em,4,,,Woods Queen – 4p – em,exists,woods-queen,high,zaccaria,1976,2806,high,"Zaccaria, of Bologna, Italy (1974-1987)",,,exists,parser high-confidence match,woods-queen,,,,
zaccaria,Ten Stars,,,1976,,em,1,,,Ten Stars – 1p – em,exists,ten-stars,high,zaccaria,1976,3373,high,"Zaccaria, of Bologna, Italy (1974-1987)",G4PW2-MDExV,,exists,parser high-confidence match,ten-stars,,,,
zaccaria,Moon Flight,,,1977,,em,1,,,Moon Flight – 1p – em,exists,moon-flight,high,zaccaria,1976,1626,high,"Zaccaria, of Bologna, Italy (1974-1987)",GreN3-MJ7wJ,,exists,parser high-confidence match,moon-flight,,,,
zaccaria,Universe,,,1977,,em,4,,,Universe – 4p – em,exists,universe-3,high,zaccaria,1976,2706,high,"Zaccaria, of Bologna, Italy (1974-1987)",G4dxZ-MVKn9,,exists,parser high-confidence match,universe-3,,,,
zaccaria,Circus,,,1977,,em,4,,,Circus – 4p – em,exists,circus-4,high,zaccaria,1977,518,high,"Zaccaria, of Bologna, Italy (1974-1987)",G5KJW-MDnKx,,exists,parser high-confidence match,circus-4,,,,
zaccaria,Aerobatics,,,1977,,em,1,,,Aerobatics – 1p – em,exists,aerobatics,high,zaccaria,1977,24,high,"Zaccaria, of Bologna, Italy (1974-1987)",G5WJw-MkP98,,exists,parser high-confidence match,aerobatics,,,,
zaccaria,Supersonic,,,1977,,em,1,,,Supersonic – 1p – em,exists,supersonic-2,high,zaccaria,1977,3419,high,"Zaccaria, of Bologna, Italy (1974-1987)",G4xyV-MJK7V,,exists,parser high-confidence match,supersonic-2,,,,
zaccaria,Nautilus,,,1977,,em,1,,,Nautilus – 1p – em,exists,nautilus-2,high,zaccaria,1977,3381,high,"Zaccaria, of Bologna, Italy (1974-1987)",GRKYx-MD067,,exists,parser high-confidence match,nautilus-2,,,,
zaccaria,Combat,,,1977,,em,4,,,Combat – 4p – em,exists,combat,high,zaccaria,1977,3609,high,"Zaccaria, of Bologna, Italy (1974-1987)",GryPZ-ML07x,,exists,parser high-confidence match,combat,,,,
zaccaria,Combat,,,1977,,ss,4,,,Combat – 4p – ss,exists,combat,high,zaccaria,1977,3609,high,"Zaccaria, of Bologna, Italy (1974-1987)",GryPZ-ML07x,,exists,parser high-confidence match,combat,,,,
zaccaria,Winter Sports,,,1978,,ss,4,01/78,,Winter Sports – 4p – ss – 01/78,exists,winter-sports,high,zaccaria,,3563,high,"Zaccaria, of Bologna, Italy (1974-1987)",GrxWp-MDvrD,,exists,parser high-confidence match,winter-sports,,,,
zaccaria,Queen Castle,,,1978,,em,1,04/78,,Queen Castle – 1p – em – 04/78,new-model-existing-maker,,,,,,,,,,exists,"Apostrophe variant of catalog 'Queen's Castle' (zaccaria, 1978, ipdb 3583 - Zaccaria, 1978-04, EM 1P; tilt's 04/78 month matches exactly).",queens-castle,,,,
zaccaria,House of Diamonds,,,1978,,ss,4,07/78,,House of Diamonds – 4p – ss – 07/78,exists,house-of-diamonds,high,zaccaria,,3165,high,"Zaccaria, of Bologna, Italy (1974-1987)",GRVpL-MJjPR,,exists,parser high-confidence match,house-of-diamonds,,,,
zaccaria,Strike,,,1978,,ss,1,09/78,,Strike – 1p – ss – 09/78,exists,strike,high,zaccaria,1978,3363,high,"Zaccaria, of Bologna, Italy (1974-1987)",GRpyl-MJNBo,,exists,parser high-confidence match,strike,,,,
zaccaria,Ski Jump,,,1978,,ss,1,10/78,,Ski Jump – 1p – ss – 10/78,exists,ski-jump,high,zaccaria,1978,3637,high,"Zaccaria, of Bologna, Italy (1974-1987)",GRzxO-MQP8j,,exists,parser high-confidence match,ski-jump,,,,
zaccaria,Ski Jump,,,1978,,em,1,??/78,,Ski Jump – 1p – em ??/78,exists,ski-jump,high,zaccaria,1978,3637,high,"Zaccaria, of Bologna, Italy (1974-1987)",GRzxO-MQP8j,,exists,parser high-confidence match,ski-jump,,,,
zaccaria,Future World,,,1978,,ss,4,10/78,,Future World – 4p – ss – 10/78,exists,future-world,high,zaccaria,1978,3613,high,"Zaccaria, of Bologna, Italy (1974-1987)",G5Kl7-MDxel,,exists,parser high-confidence match,future-world,,,,
zaccaria,Shooting the rapids,,,1979,,ss,4,04/79,,Shooting the rapids – 4p – ss – 04/79,exists,shooting-the-rapids,high,zaccaria,1979,3606,high,"Zaccaria, of Bologna, Italy (1974-1987)",G41oq-MQVR1,,exists,parser high-confidence match,shooting-the-rapids,,,,
zaccaria,Hot Wheels,,,1979,,ss,4,09/79,,Hot Wheels – 4p – ss – 09/79,exists,hot-wheels,high,zaccaria,1979,3164,high,"Zaccaria, of Bologna, Italy (1974-1987)",GrOY9-Mq14V,,exists,parser high-confidence match,hot-wheels,,,,
zaccaria,Space City,,,1979,,ss,1,09/79,,Space City – 1p – ss – 09/79,exists,space-city,high,zaccaria,1979,3267,high,"Zaccaria, of Bologna, Italy (1974-1987)",G5Kl7-M1rzV,,exists,parser high-confidence match,space-city,,,,
zaccaria,Fire Mountain,,,1980,,ss,4,01/80,,Fire Mountain – ss – 4p – 01/80,exists,fire-mountain,high,zaccaria,1980,3097,high,"Zaccaria, of Bologna, Italy (1974-1987)",G4E9p-MDOrl,,exists,parser high-confidence match,fire-mountain,,,,
zaccaria,Star God,,,1980,,ss,4,05/80,,Star God – ss – 4p – 05/80,exists,star-god,high,zaccaria,1980,3458,high,"Zaccaria, of Bologna, Italy (1974-1987)",G5vXk-M2Y8r,,exists,parser high-confidence match,star-god,,,,
zaccaria,Space Shuttle,,,1980,,ss,4,09/80,,Space Shuttle – ss – 4p – 09/80,exists,space-shuttle,high,zaccaria,,3263,high,"Zaccaria, of Bologna, Italy (1974-1987)",G4jyz-MDyYE,,exists,parser high-confidence match,space-shuttle,,,,
zaccaria,"Earth, Wind & Fire",,,1981,,ss,4,04/81,,"Earth, Wind & Fire – ss – 4p – 04/81",exists,earth-wind-fire,high,zaccaria,1981,3611,high,"Zaccaria, of Bologna, Italy (1974-1987)",GR96Q-MNEnx,,exists,parser high-confidence match,earth-wind-fire,,,,
zaccaria,Locomotion,,,1981,,ss,4,09/81,,Locomotion – ss – 4p – 09/81,exists,locomotion,high,zaccaria,1981,3217,high,"Zaccaria, of Bologna, Italy (1974-1987)",G4d7B-MJVlK,,exists,parser high-confidence match,locomotion,,,,
zaccaria,Pinball Champ ’82,,,1982,,ss,4,04/82,,Pinball Champ ’82 – ss – 4p – 04/82,exists,pinball-champ-82,high,zaccaria,,1794,high,"Zaccaria, of Bologna, Italy (1974-1987)",GrPdq-MQYkJ,,exists,parser high-confidence match,pinball-champ-82,,,,
zaccaria,Soccer King,,,1982,,ss,4,09/82,,Soccer King – ss – 4p – 09/82,new-model-existing-maker,,,,,,,,,,exists,"Pluralization variant of catalog 'Soccer Kings' (zaccaria, 1982, ipdb 2235 - Zaccaria, 1982-09, SS 4P; tilt's 09/82 month matches exactly).",soccer-kings,,,,
zaccaria,Pinball Champ,,,1983,,ss,4,,,Pinball Champ – ss – 4p,exists,pinball-champ,high,zaccaria,,1793,high,"Zaccaria, of Bologna, Italy (1974-1987)",GrPdq-M9RRe,,exists,parser high-confidence match,pinball-champ,,,,
zaccaria,Time Machine,,,1983,,ss,4,04/83,,Time Machine – ss – 4p – 04/83,exists,time-machine-zaccaria,high,zaccaria,,3494,high,"Zaccaria, of Bologna, Italy (1974-1987)",GR99Y-MJ9Zy,,exists,parser high-confidence match,time-machine-zaccaria,,,,
zaccaria,Farfalla,,,1983,,ss,4,09/83,,Farfalla – ss – 4p – 09/83,exists,farfalla,high,zaccaria,,824,high,"Zaccaria, of Bologna, Italy (1974-1987)",GRVw2-M4oWO,,exists,parser high-confidence match,farfalla,,,,
zaccaria,Pinball Champ,,,1983,,ss,4,,(seven digit displays),Pinball Champ – ss (seven digit displays) – 4p,exists,pinball-champ,high,zaccaria,,1793,high,"Zaccaria, of Bologna, Italy (1974-1987)",GrPdq-M9RRe,,exists,parser high-confidence match,pinball-champ,,,,
zaccaria,Devil Riders,,,1984,,ss,4,04/84,,Devil Riders – ss – 4p – 04/84,exists,devil-riders,high,zaccaria,1984,672,high,"Zaccaria, of Bologna, Italy (1974-1987)",G5DPP-MJKbp,,exists,parser high-confidence match,devil-riders,,,,
zaccaria,Magic Castle,,,1984,,ss,4,09/84,,Magic Castle – ss – 4p – 09/84,exists,magic-castle,high,zaccaria,1984,1511,high,"Zaccaria, of Bologna, Italy (1974-1987)",G5v2B-MQ2xy,,exists,parser high-confidence match,magic-castle,,,,
zaccaria,Robot,,,1985,,ss,4,01/85,,Robot – ss – 4p – 01/85,exists,robot,high,zaccaria,1985,1977,high,"Zaccaria, of Bologna, Italy (1974-1987)",G5Wjk-MLvBr,,exists,parser high-confidence match,robot,,,,
zaccaria,Clown,,,1985,,ss,4,07/85,,Clown – ss – 4p – 07/85,exists,clown,high,zaccaria,1985,3024,high,"Zaccaria, of Bologna, Italy (1974-1987)",G5Wjo-MJ9ll,,exists,parser high-confidence match,clown,,,,
zaccaria,Pool Champion,,,1985,,ss,4,12/85,,Pool Champion – ss – 4p – 12/85,exists,pool-champion,high,zaccaria,1985,3311,high,"Zaccaria, of Bologna, Italy (1974-1987)",G4jex-MLly8,,exists,parser high-confidence match,pool-champion,,,,
zaccaria,Blackbelt,,,1986,,ss,4,,,Blackbelt – ss – 4p,exists,blackbelt,high,zaccaria,1986,316,high,"Zaccaria, of Bologna, Italy (1974-1987)",G5Ljd-MLWj0,,exists,parser high-confidence match,blackbelt,,,,
zaccaria,Mexico ’86,,,1986,,ss,4,,,Mexico ’86 – ss – 4p,exists,mexico-86,high,zaccaria,1986,3382,high,"Zaccaria, of Bologna, Italy (1974-1987)",GrxeN-MD0ky,,exists,parser high-confidence match,mexico-86,,,,
zaccaria,Zankor,,,1986,,ss,4,,,Zankor – ss – 4p,exists,zankor,high,zaccaria,1986,3531,high,"Zaccaria, of Bologna, Italy (1974-1987)",G5z71-MBRXz,,exists,parser high-confidence match,zankor,,,,
zaccaria,Mystic Star,,,1986,,ss,4,,(kit),Mystic Star – ss – 4p (kit),exists,mystic-star,high,zaccaria,1986,3375,high,"Zaccaria, of Bologna, Italy (1974-1987)",G5QOw-M61dY,,exists,parser high-confidence match,mystic-star,,,,
zaccaria,Spooky,,,1987,,ss,4,,,Spooky – ss – 4p,exists,spooky,high,zaccaria,1987,3459,high,"Zaccaria, of Bologna, Italy (1974-1987)",Gr1j8-MDxzp,,exists,parser high-confidence match,spooky,,,,
zaccaria,Star’s Phoenix,,,1987,,ss,4,,,Star’s Phoenix – ss – 4p,exists,stars-phoenix,high,zaccaria,1987,4509,high,"Zaccaria, of Bologna, Italy (1974-1987)",G5VYY-MJ9V1,,exists,parser high-confidence match,stars-phoenix,,,,
zaccaria,New Star’s Phoenix,,,1987,,ss,4,,,New Star’s Phoenix – ss – 4p,exists,new-stars-phoenix,high,zaccaria,1987,4510,high,"Zaccaria, of Bologna, Italy (1974-1987)",G5VYY-MRjqd,,exists,parser high-confidence match,new-stars-phoenix,,,,
